ID_EST,ID_PERFIL,Logro_Perfil,Fecha_corte
E2016CEB8005,P1,72.85,2026-03-04 01:24:00
E2016DVE7203,P1,73.83616391184573,2026-03-04 01:24:00
E2016EYU4689,P1,75.53340810704447,2026-03-04 01:24:00
E2016FEZ4344,P1,74.12240456513183,2026-03-04 01:24:00
E2016GAZ1481,P1,75.60497638724911,2026-03-04 01:24:00
E2016GYY2304,P1,74.45,2026-03-04 01:24:00
E2016HAO5559,P1,74.57468516332155,2026-03-04 01:24:00
E2016ISA3949,P1,75.28583333333334,2026-03-04 01:24:00
E2016JQE6064,P1,80.69494047619048,2026-03-04 01:24:00
E2016JSM4884,P1,74.9798780007871,2026-03-04 01:24:00
E2016KUM7535,P1,77.53683035714286,2026-03-04 01:24:00
E2016LES4111,P1,75.39676505312868,2026-03-04 01:24:00
E2016LLG6751,P1,75.35176800472254,2026-03-04 01:24:00
E2016LOP8678,P1,69.85,2026-03-04 01:24:00
E2016LWE3765,P1,75.58349763872492,2026-03-04 01:24:00
E2016MMR8761,P1,75.02942935852029,2026-03-04 01:24:00
E2016NMQ8582,P1,72.85,2026-03-04 01:24:00
E2016OMU0021,P1,75.77870621802441,2026-03-04 01:24:00
E2016OTW2460,P1,74.21570149547422,2026-03-04 01:24:00
E2016OXB5150,P1,75.62788370720187,2026-03-04 01:24:00
E2016PAO1670,P1,74.24315328610783,2026-03-04 01:24:00
E2016PIP5018,P1,76.0147323888233,2026-03-04 01:24:00
E2016QPX8739,P1,73.4375,2026-03-04 01:24:00
E2016QZG9410,P1,75.65549390003936,2026-03-04 01:24:00
E2016RQK0343,P1,75.25698248720975,2026-03-04 01:24:00
E2016SPQ4817,P1,70.6,2026-03-04 01:24:00
E2016VDQ7117,P1,77.55,2026-03-04 01:24:00
E2016VHF1904,P1,75.87692443919717,2026-03-04 01:24:00
E2016WEI3160,P1,75.79492325855962,2026-03-04 01:24:00
E2016WEK2049,P1,74.57967237308145,2026-03-04 01:24:00
E2017BTO5711,P1,74.5772115090297,2026-03-04 01:24:00
E2017EAH1974,P1,74.4,2026-03-04 01:24:00
E2017FSE0482,P1,73.30133928571428,2026-03-04 01:24:00
E2017FSK4568,P1,74.77330556648738,2026-03-04 01:24:00
E2017FXV3230,P1,76.01773470637107,2026-03-04 01:24:00
E2017HBB7711,P1,76.85,2026-03-04 01:24:00
E2017HSX6372,P1,71.95684523809524,2026-03-04 01:24:00
E2017IGQ7121,P1,74.98366238138965,2026-03-04 01:24:00
E2017JZJ9863,P1,75.1190662031571,2026-03-04 01:24:00
E2017KCD1631,P1,75.3790885040885,2026-03-04 01:24:00
E2017KEN2311,P1,74.15736805282259,2026-03-04 01:24:00
E2017KZW1648,P1,75.48454348681622,2026-03-04 01:24:00
E2017LTR5703,P1,74.8760297783025,2026-03-04 01:24:00
E2017LUR0757,P1,74.43399908172636,2026-03-04 01:24:00
E2017MMP8386,P1,76.04236958327867,2026-03-04 01:24:00
E2017OBH1615,P1,74.73015654379292,2026-03-04 01:24:00
E2017PBZ2994,P1,75.145670995671,2026-03-04 01:24:00
E2017PGV6499,P1,72.75,2026-03-04 01:24:00
E2017PTO4975,P1,72.13950892857143,2026-03-04 01:24:00
E2017RIM4032,P1,75.06384516157244,2026-03-04 01:24:00
E2017ROM3077,P1,72.45,2026-03-04 01:24:00
E2017RWO7997,P1,74.45655909746819,2026-03-04 01:24:00
E2017TQE7830,P1,74.9,2026-03-04 01:24:00
E2017URK3278,P1,75.08207398661943,2026-03-04 01:24:00
E2017WDG7540,P1,73.98578971533517,2026-03-04 01:24:00
E2017WFZ9948,P1,74.98264572128208,2026-03-04 01:24:00
E2017WMU3607,P1,74.6172657309021,2026-03-04 01:24:00
E2017YUR5942,P1,75.44018431063886,2026-03-04 01:24:00
E2017ZCQ9903,P1,71.9,2026-03-04 01:24:00
E2017ZUU4930,P1,75.81901045082863,2026-03-04 01:24:00
E2018CJQ1634,P1,75.1,2026-03-04 01:24:00
E2018COV6478,P1,74.59437844352617,2026-03-04 01:24:00
E2018DSE0383,P1,74.73754550373869,2026-03-04 01:24:00
E2018DSU7488,P1,73.39174107142857,2026-03-04 01:24:00
E2018DVE2160,P1,75.35,2026-03-04 01:24:00
E2018DVY0768,P1,75.96199822904367,2026-03-04 01:24:00
E2018DWA9092,P1,75.75657467532469,2026-03-04 01:24:00
E2018DYT1082,P1,75.66029368358915,2026-03-04 01:24:00
E2018EER7641,P1,76.32052956513184,2026-03-04 01:24:00
E2018EHH7764,P1,73.7,2026-03-04 01:24:00
E2018EPB0084,P1,74.37719770759544,2026-03-04 01:24:00
E2018FBZ0773,P1,73.97079766824085,2026-03-04 01:24:00
E2018FFW5373,P1,75.24491587957498,2026-03-04 01:24:00
E2018FTJ5011,P1,75.53632674144038,2026-03-04 01:24:00
E2018GAJ1567,P1,75.34196182605274,2026-03-04 01:24:00
E2018GTY9818,P1,74.96910296143251,2026-03-04 01:24:00
E2018JDB7278,P1,75.55840220385674,2026-03-04 01:24:00
E2018JJX5452,P1,76.75078340220385,2026-03-04 01:24:00
E2018KEB4370,P1,74.64550004919323,2026-03-04 01:24:00
E2018KUP8455,P1,74.01111521054703,2026-03-04 01:24:00
E2018LXL6865,P1,76.35863095238095,2026-03-04 01:24:00
E2018NZI4839,P1,75.8553694411649,2026-03-04 01:24:00
E2018ORP5676,P1,80.15,2026-03-04 01:24:00
E2018PEA2689,P1,74.93670183982684,2026-03-04 01:24:00
E2018PVE2669,P1,74.33217975206611,2026-03-04 01:24:00
E2018TVB4232,P1,73.43712797619048,2026-03-04 01:24:00
E2018WTX8961,P1,75.11859258166076,2026-03-04 01:24:00
E2018WYF9030,P1,74.74946010428965,2026-03-04 01:24:00
E2018XOC0366,P1,74.45,2026-03-04 01:24:00
E2018ZQW9872,P1,78.95,2026-03-04 01:24:00
E2019AEU9081,P1,76.43346123573397,2026-03-04 01:24:00
E2019AMJ7233,P1,75.56368134030471,2026-03-04 01:24:00
E2019AQO9560,P1,76.28552594591555,2026-03-04 01:24:00
E2019BPB5488,P1,74.23051104739415,2026-03-04 01:24:00
E2019CXS3112,P1,76.36832799235397,2026-03-04 01:24:00
E2019DWH7780,P1,75.44635970090515,2026-03-04 01:24:00
E2019FNR7237,P1,76.30472817226064,2026-03-04 01:24:00
E2019GKX6984,P1,75.28596868499466,2026-03-04 01:24:00
E2019GQO2558,P1,74.95,2026-03-04 01:24:00
E2019GYC1423,P1,69.1,2026-03-04 01:24:00
E2019HPA7299,P1,78.15,2026-03-04 01:24:00
E2019HUN9378,P1,76.20471130601001,2026-03-04 01:24:00
E2019IQW6195,P1,75.50600016866251,2026-03-04 01:24:00
E2019JLK4831,P1,76.44707370551527,2026-03-04 01:24:00
E2019JQQ5102,P1,73.77844493169168,2026-03-04 01:24:00
E2019KOG6172,P1,74.06833220891662,2026-03-04 01:24:00
E2019KTB4263,P1,70.9,2026-03-04 01:24:00
E2019LDF8590,P1,74.6203983246191,2026-03-04 01:24:00
E2019NJK8874,P1,75.57255861022095,2026-03-04 01:24:00
E2019NMY3395,P1,75.6455079552482,2026-03-04 01:24:00
E2019OJO9049,P1,76.08696519930287,2026-03-04 01:24:00
E2019QFV9914,P1,76.56704756282679,2026-03-04 01:24:00
E2019QKQ7245,P1,78.62574404761905,2026-03-04 01:24:00
E2019QMC2562,P1,74.96441502220722,2026-03-04 01:24:00
E2019QVU0725,P1,68.85,2026-03-04 01:24:00
E2019SFC3863,P1,75.59672619047619,2026-03-04 01:24:00
E2019SVL6814,P1,75.14064344746163,2026-03-04 01:24:00
E2019VVV6303,P1,65.25,2026-03-04 01:24:00
E2019WVX6925,P1,78.56919642857143,2026-03-04 01:24:00
E2019YHR3659,P1,75.42319250014056,2026-03-04 01:24:00
E2020AOM8843,P1,76.40321887708251,2026-03-04 01:24:00
E2020FJN9438,P1,73.52961924439197,2026-03-04 01:24:00
E2020GIC9473,P1,73.44734520529974,2026-03-04 01:24:00
E2020GUK3570,P1,74.34821100616556,2026-03-04 01:24:00
E2020GXK7460,P1,73.15959821428572,2026-03-04 01:24:00
E2020HJR0065,P1,74.5874344090253,2026-03-04 01:24:00
E2020IDU1772,P1,73.53750983864622,2026-03-04 01:24:00
E2020JXK1100,P1,75.30518168699986,2026-03-04 01:24:00
E2020KGQ7151,P1,67.05,2026-03-04 01:24:00
E2020LML0381,P1,73.78940377804014,2026-03-04 01:24:00
E2020LSN5384,P1,79.6,2026-03-04 01:24:00
E2020LVL6214,P1,76.25406664043027,2026-03-04 01:24:00
E2020MNY8156,P1,73.01351666010758,2026-03-04 01:24:00
E2020MRN9431,P1,75.28928571428571,2026-03-04 01:24:00
E2020NSY1797,P1,73.95796110455201,2026-03-04 01:24:00
E2020OSL2720,P1,75.36075036075036,2026-03-04 01:24:00
E2020PYZ8674,P1,75.22650859241767,2026-03-04 01:24:00
E2020REQ0990,P1,69.95758928571428,2026-03-04 01:24:00
E2020TAC3459,P1,75.59896366260001,2026-03-04 01:24:00
E2020TDR0048,P1,70.55,2026-03-04 01:24:00
E2020UOE0792,P1,73.75996982815164,2026-03-04 01:24:00
E2020VRY1965,P1,74.5831660763479,2026-03-04 01:24:00
E2020VUU1350,P1,79.2,2026-03-04 01:24:00
E2020XBK2690,P1,74.47212383576021,2026-03-04 01:24:00
E2020XFE5481,P1,74.96971664698937,2026-03-04 01:24:00
E2020XKN1967,P1,76.05,2026-03-04 01:24:00
E2020YFO0164,P1,75.8,2026-03-04 01:24:00
E2020YVH3972,P1,75.64757969303423,2026-03-04 01:24:00
E2020ZAX9359,P1,75.11793154761905,2026-03-04 01:24:00
E2020ZTP1920,P1,75.31888856093401,2026-03-04 01:24:00
E2021AIL0323,P1,81.4,2026-03-04 01:24:00
E2021CVN4877,P1,75.58216056670602,2026-03-04 01:24:00
E2021EHL5637,P1,73.60166469893744,2026-03-04 01:24:00
E2021FRM0969,P1,75.31279811097993,2026-03-04 01:24:00
E2021JVY4882,P1,75.34783746556474,2026-03-04 01:24:00
E2021JWI3029,P1,75.47312278630461,2026-03-04 01:24:00
E2021LWG0262,P1,75.55917748917749,2026-03-04 01:24:00
E2021MJS3901,P1,75.47284226190476,2026-03-04 01:24:00
E2021MPQ1027,P1,75.80722353404171,2026-03-04 01:24:00
E2021MQE8633,P1,70.55,2026-03-04 01:24:00
E2021MWM4820,P1,75.81352617079891,2026-03-04 01:24:00
E2021NTO8310,P1,77.41226682408502,2026-03-04 01:24:00
E2021NVK9365,P1,74.68193231011414,2026-03-04 01:24:00
E2021PEB2650,P1,74.21688988095238,2026-03-04 01:24:00
E2021PZH5040,P1,75.08343368752459,2026-03-04 01:24:00
E2021QDX1614,P1,75.14766627312082,2026-03-04 01:24:00
E2021QRN8667,P1,68.13653273809524,2026-03-04 01:24:00
E2021RSR5397,P1,74.85867571822118,2026-03-04 01:24:00
E2021SBZ9432,P1,74.6332782369146,2026-03-04 01:24:00
E2021SGG3916,P1,70.3,2026-03-04 01:24:00
E2021SUV9249,P1,74.22331955922866,2026-03-04 01:24:00
E2021UBC8871,P1,71.7,2026-03-04 01:24:00
E2021UCJ1571,P1,74.68669027941756,2026-03-04 01:24:00
E2021UDU4136,P1,75.3967748917749,2026-03-04 01:24:00
E2021USZ8412,P1,74.63943132624951,2026-03-04 01:24:00
E2021UTW0622,P1,74.63190279417552,2026-03-04 01:24:00
E2021UXR0899,P1,77.75,2026-03-04 01:24:00
E2021VUG8622,P1,75.6297756788666,2026-03-04 01:24:00
E2021ZNX0802,P1,76.20908894136166,2026-03-04 01:24:00
E2021ZVO3212,P1,70.3,2026-03-04 01:24:00
E2022AER7248,P1,78.65,2026-03-04 01:24:00
E2022BJR2366,P1,75.31464728453365,2026-03-04 01:24:00
E2022CSV2769,P1,80.48809523809524,2026-03-04 01:24:00
E2022CXD2751,P1,74.95,2026-03-04 01:24:00
E2022DKJ6791,P1,75.96123573396301,2026-03-04 01:24:00
E2022DZN0239,P1,75.13352026761119,2026-03-04 01:24:00
E2022FXQ3116,P1,75.6,2026-03-04 01:24:00
E2022GTA5593,P1,75.77908549783548,2026-03-04 01:24:00
E2022HNJ3644,P1,73.98363095238095,2026-03-04 01:24:00
E2022IAU5585,P1,76.4127385871704,2026-03-04 01:24:00
E2022KWB1855,P1,76.34565869736325,2026-03-04 01:24:00
E2022LBA6597,P1,74.3114398858717,2026-03-04 01:24:00
E2022LJS3179,P1,74.03087797619048,2026-03-04 01:24:00
E2022MDJ5251,P1,66.0,2026-03-04 01:24:00
E2022MJX3357,P1,74.8,2026-03-04 01:24:00
E2022NKV1224,P1,75.58060310901219,2026-03-04 01:24:00
E2022PEG0550,P1,75.0297815820543,2026-03-04 01:24:00
E2022PID7457,P1,73.3372614128296,2026-03-04 01:24:00
E2022QVK1854,P1,75.95081414797323,2026-03-04 01:24:00
E2022TEK2179,P1,73.12528778040142,2026-03-04 01:24:00
E2022UJO1075,P1,74.59107388823298,2026-03-04 01:24:00
E2022UPB2142,P1,73.22743752459661,2026-03-04 01:24:00
E2022UWO2410,P1,73.63777548209366,2026-03-04 01:24:00
E2022VJO5291,P1,75.53596025186935,2026-03-04 01:24:00
E2022XAM0917,P1,75.77568624557262,2026-03-04 01:24:00
E2022XGC5343,P1,77.34261609602518,2026-03-04 01:24:00
E2022XWC4531,P1,74.56107831562377,2026-03-04 01:24:00
E2022XWX1184,P1,73.76339777646595,2026-03-04 01:24:00
E2022YDL1111,P1,75.89677292404566,2026-03-04 01:24:00
E2022YFQ0740,P1,74.75,2026-03-04 01:24:00
E2023ADQ6125,P1,75.63136232454414,2026-03-04 01:24:00
E2023AQX4650,P1,74.37376688967599,2026-03-04 01:24:00
E2023BEH1512,P1,76.16717827626918,2026-03-04 01:24:00
E2023BEI6977,P1,81.8,2026-03-04 01:24:00
E2023BMS7444,P1,76.18659648432376,2026-03-04 01:24:00
E2023BZR4961,P1,75.63980716253444,2026-03-04 01:24:00
E2023CXD9356,P1,75.09940968122785,2026-03-04 01:24:00
E2023DEF4171,P1,74.07964056145876,2026-03-04 01:24:00
E2023EFG7756,P1,77.11383313656042,2026-03-04 01:24:00
E2023HJR9875,P1,76.47379968516333,2026-03-04 01:24:00
E2023HMB0178,P1,74.77198937426209,2026-03-04 01:24:00
E2023HTL9789,P1,73.9905352223534,2026-03-04 01:24:00
E2023KHN4379,P1,76.03794642857143,2026-03-04 01:24:00
E2023KJS0218,P1,78.72470238095238,2026-03-04 01:24:00
E2023KMR4186,P1,75.3,2026-03-04 01:24:00
E2023LVO4167,P1,76.1612062180244,2026-03-04 01:24:00
E2023LWO1580,P1,74.978761642398,2026-03-04 01:24:00
E2023MAS4798,P1,75.79683195592287,2026-03-04 01:24:00
E2023MOR5948,P1,74.07317001180637,2026-03-04 01:24:00
E2023MQX8641,P1,73.72030040666404,2026-03-04 01:24:00
E2023NKU6053,P1,70.35,2026-03-04 01:24:00
E2023PEN1433,P1,75.9,2026-03-04 01:24:00
E2023PJC1324,P1,75.63080480125933,2026-03-04 01:24:00
E2023PPR1222,P1,70.45684523809524,2026-03-04 01:24:00
E2023SUB7335,P1,74.86230158730159,2026-03-04 01:24:00
E2023SZZ3613,P1,73.36814574314575,2026-03-04 01:24:00
E2023VQV9918,P1,74.04491014036468,2026-03-04 01:24:00
E2023YPA9380,P1,75.25,2026-03-04 01:24:00
E2023ZNI0293,P1,74.70654597927326,2026-03-04 01:24:00
E2023ZRW6447,P1,72.5,2026-03-04 01:24:00
E2024AKE1074,P1,76.38894628099173,2026-03-04 01:24:00
E2024ARY0491,P1,73.52398661944116,2026-03-04 01:24:00
E2024BOZ3759,P1,73.5,2026-03-04 01:24:00
E2024BSN8275,P1,72.45,2026-03-04 01:24:00
E2024BUD2189,P1,76.32251082251082,2026-03-04 01:24:00
E2024BUF5913,P1,73.26295749704842,2026-03-04 01:24:00
E2024CHU5908,P1,75.6,2026-03-04 01:24:00
E2024DNA4023,P1,75.12829594647776,2026-03-04 01:24:00
E2024HPP8550,P1,75.52530991735537,2026-03-04 01:24:00
E2024IYI5180,P1,75.18566017316017,2026-03-04 01:24:00
E2024IZO9343,P1,74.66093565525384,2026-03-04 01:24:00
E2024JHM8917,P1,73.1641627312082,2026-03-04 01:24:00
E2024KAH5178,P1,76.78597500983864,2026-03-04 01:24:00
E2024KSL3732,P1,74.72934868162142,2026-03-04 01:24:00
E2024MFS3976,P1,74.66695690672964,2026-03-04 01:24:00
E2024NGG8393,P1,69.96800595238095,2026-03-04 01:24:00
E2024ONA1595,P1,76.81515151515151,2026-03-04 01:24:00
E2024PWT9041,P1,77.03385416666666,2026-03-04 01:24:00
E2024RCF4494,P1,76.89495277449824,2026-03-04 01:24:00
E2024RJP2865,P1,77.09337797619048,2026-03-04 01:24:00
E2024RJX2302,P1,75.95,2026-03-04 01:24:00
E2024TCJ1748,P1,73.17165486029123,2026-03-04 01:24:00
E2024TRC9906,P1,73.79160271546635,2026-03-04 01:24:00
E2024XKG8003,P1,75.57516233766233,2026-03-04 01:24:00
E2024XUZ0727,P1,77.83647186147186,2026-03-04 01:24:00
E2024YKB2768,P1,72.35,2026-03-04 01:24:00
E2024YRS6543,P1,78.17146792601339,2026-03-04 01:24:00
E2024YXG3517,P1,77.1835940574577,2026-03-04 01:24:00
E2024ZNF8514,P1,77.58256591892956,2026-03-04 01:24:00
E2024ZQO2827,P1,80.55,2026-03-04 01:24:00
E2025AVD8790,P1,76.58890200708382,2026-03-04 01:24:00
E2025BBA8016,P1,77.29298504525778,2026-03-04 01:24:00
E2025COH2103,P1,74.64390987800078,2026-03-04 01:24:00
E2025CQQ0874,P1,73.03972845336482,2026-03-04 01:24:00
E2025DMY3281,P1,74.0995867768595,2026-03-04 01:24:00
E2025DWV3624,P1,77.00222353404172,2026-03-04 01:24:00
E2025ESR8122,P1,72.91349862258954,2026-03-04 01:24:00
E2025ETK0679,P1,75.98921130952381,2026-03-04 01:24:00
E2025HRR4687,P1,74.59629083038175,2026-03-04 01:24:00
E2025IDT6508,P1,74.54499212908304,2026-03-04 01:24:00
E2025IRL5597,P1,74.21735537190082,2026-03-04 01:24:00
E2025JRT9728,P1,69.75706845238095,2026-03-04 01:24:00
E2025LFO0798,P1,73.4155057064148,2026-03-04 01:24:00
E2025MAW9469,P1,73.20063951200315,2026-03-04 01:24:00
E2025MIU6395,P1,78.78590121999213,2026-03-04 01:24:00
E2025NHI4984,P1,78.2734375,2026-03-04 01:24:00
E2025OJE3772,P1,73.45,2026-03-04 01:24:00
E2025OJK7085,P1,76.18940377804014,2026-03-04 01:24:00
E2025RUP9050,P1,71.41481700118064,2026-03-04 01:24:00
E2025SXY6623,P1,69.0,2026-03-04 01:24:00
E2025TMO7640,P1,74.35711334120425,2026-03-04 01:24:00
E2025UIT7691,P1,74.6905548996458,2026-03-04 01:24:00
E2025UNF2679,P1,73.09687131050767,2026-03-04 01:24:00
E2025UVY3385,P1,76.06898858717041,2026-03-04 01:24:00
E2025VMQ1084,P1,77.3,2026-03-04 01:24:00
E2025VSM2675,P1,74.00274498229044,2026-03-04 01:24:00
E2025WFJ8951,P1,74.90697560015741,2026-03-04 01:24:00
E2025WOK2562,P1,72.95,2026-03-04 01:24:00
E2025WWD5715,P1,81.2,2026-03-04 01:24:00
E2025ZJG2249,P1,78.2,2026-03-04 01:24:00
