Periodo,Fecha_recoleccion,Fecha_carga,estudiante_id,ID_Cohorte,empleabilidad,satisfacción
2026-2,2026-06-24,2026-06-24,E2,O2018-1,0.831,0.649
2026-2,2026-06-24,2026-06-24,E6,O2018-1,0.911,0.831
2026-2,2026-06-24,2026-06-24,E12,O2018-1,0.737,0.677
2026-2,2026-06-24,2026-06-24,E14,O2018-1,0.938,0.604
2026-2,2026-06-24,2026-06-24,E16,O2018-1,0.759,0.809
2026-2,2026-06-24,2026-06-24,E19,O2018-1,0.954,0.859
2026-2,2026-06-24,2026-06-24,E20,O2018-1,0.704,0.835
2026-2,2026-06-24,2026-06-24,E21,O2018-1,0.84,0.58
2026-2,2026-06-24,2026-06-24,E23,O2018-1,0.605,0.812
2026-2,2026-06-24,2026-06-24,E9,O2018-1,0.914,0.645
2026-2,2026-06-24,2026-06-24,E33,O2018-2,0.968,0.642
2026-2,2026-06-24,2026-06-24,E41,O2018-2,0.972,0.751
2026-2,2026-06-24,2026-06-24,E45,O2018-2,0.775,0.625
2026-2,2026-06-24,2026-06-24,E11,O2018-1,0.86,0.631
2026-2,2026-06-24,2026-06-24,E43,O2018-2,0.906,0.622
2026-2,2026-06-24,2026-06-24,E55,O2019-1,0.809,0.849
2026-2,2026-06-24,2026-06-24,E56,O2019-1,0.956,0.772
2026-2,2026-06-24,2026-06-24,E59,O2019-1,0.897,0.552
2026-2,2026-06-24,2026-06-24,E62,O2019-1,0.744,0.8
2026-2,2026-06-24,2026-06-24,E63,O2019-1,0.834,0.71
2026-2,2026-06-24,2026-06-24,E71,O2019-1,0.786,0.715
2026-2,2026-06-24,2026-06-24,E72,O2019-1,0.972,0.657
2026-2,2026-06-24,2026-06-24,E10,O2018-1,0.977,0.662
2026-2,2026-06-24,2026-06-24,E79,O2019-2,0.721,0.753
2026-2,2026-06-24,2026-06-24,E82,O2019-2,0.669,0.555
2026-2,2026-06-24,2026-06-24,E83,O2019-2,0.767,0.836
2026-2,2026-06-24,2026-06-24,E84,O2019-2,0.938,0.519
2026-2,2026-06-24,2026-06-24,E90,O2019-2,0.819,0.865
2026-2,2026-06-24,2026-06-24,E91,O2019-2,0.766,0.697
2026-2,2026-06-24,2026-06-24,E93,O2019-2,0.675,0.78
2026-2,2026-06-24,2026-06-24,E86,O2019-2,0.919,0.635
2026-2,2026-06-24,2026-06-24,E101,O2020-1,0.816,0.686
2026-2,2026-06-24,2026-06-24,E104,O2020-1,0.813,0.617
2026-2,2026-06-24,2026-06-24,E107,O2020-1,0.791,0.744
2026-2,2026-06-24,2026-06-24,E117,O2020-1,0.803,0.676
2026-2,2026-06-24,2026-06-24,E118,O2020-1,0.9,0.491
2026-2,2026-06-24,2026-06-24,E123,O2020-1,0.848,0.763
2026-2,2026-06-24,2026-06-24,E102,O2020-1,0.862,0.712
2026-2,2026-06-24,2026-06-24,E126,O2020-2,0.923,0.767
2026-2,2026-06-24,2026-06-24,E129,O2020-2,0.757,0.636
2026-2,2026-06-24,2026-06-24,E139,O2020-2,0.88,0.813
2026-2,2026-06-24,2026-06-24,E142,O2020-2,0.886,0.546
2026-2,2026-06-24,2026-06-24,E157,O2021-1,0.71,0.744
2026-2,2026-06-24,2026-06-24,E158,O2021-1,0.963,0.753
2026-2,2026-06-24,2026-06-24,E167,O2021-1,0.933,0.774
2026-2,2026-06-24,2026-06-24,E170,O2021-1,0.763,0.632
2026-2,2026-06-24,2026-06-24,E174,O2021-1,0.793,0.647
2026-2,2026-06-24,2026-06-24,E175,O2021-1,0.858,0.49
2026-2,2026-06-24,2026-06-24,E124,O2020-1,0.71,0.798
2026-2,2026-06-24,2026-06-24,E165,O2021-1,0.891,0.619
2026-2,2026-06-24,2026-06-24,E172,O2021-1,0.839,0.64
2026-2,2026-06-24,2026-06-24,E177,O2021-2,0.762,1.0
2026-2,2026-06-24,2026-06-24,E190,O2021-2,0.695,0.517
2026-2,2026-06-24,2026-06-24,E191,O2021-2,0.801,0.791
2026-2,2026-06-24,2026-06-24,E194,O2021-2,0.82,0.759
2026-2,2026-06-24,2026-06-24,E197,O2021-2,0.791,0.774
2026-2,2026-06-24,2026-06-24,E154,O2021-1,0.851,0.672
2026-2,2026-06-24,2026-06-24,E159,O2021-1,0.834,0.775
2026-2,2026-06-24,2026-06-24,E164,O2021-1,0.75,0.797
2026-2,2026-06-24,2026-06-24,E166,O2021-1,0.913,0.723
2026-2,2026-06-24,2026-06-24,E182,O2021-2,0.981,0.8
2026-2,2026-06-24,2026-06-24,E195,O2021-2,0.879,0.565
2026-2,2026-06-24,2026-06-24,E202,O2022-1,0.876,0.641
2026-2,2026-06-24,2026-06-24,E210,O2022-1,0.762,0.674
2026-2,2026-06-24,2026-06-24,E219,O2022-1,0.799,0.693
2026-2,2026-06-24,2026-06-24,E223,O2022-1,0.816,1.0
2026-2,2026-06-24,2026-06-24,E224,O2022-1,0.802,1.0
2026-2,2026-06-24,2026-06-24,E225,O2022-1,0.932,0.865
