Periodo,Fecha_recoleccion,Fecha_carga,ID_EST,desempeño,repitencia,deserción
2026-1,2026-06-15,2026-06-15,E2019RGP4160,0.753,335,0
2026-1,2026-06-15,2026-06-15,E2019THQ2210,0.752,340,0
2026-1,2026-06-15,2026-06-15,E2019KCY7676,0.749,352,0
2026-1,2026-06-15,2026-06-15,E2019RUP7956,0.733,5,1
2026-1,2026-06-15,2026-06-15,E2019MXA1768,0.751,344,0
2026-1,2026-06-15,2026-06-15,E2019POD1811,0.755,341,0
2026-1,2026-06-15,2026-06-15,E2019CFG9667,0.753,343,0
2026-1,2026-06-15,2026-06-15,E2019FIV2507,0.759,320,0
2026-1,2026-06-15,2026-06-15,E2019PPG2525,0.758,324,0
2026-1,2026-06-15,2026-06-15,E2019UNW6703,0.748,358,0
2026-1,2026-06-15,2026-06-15,E2019CHO2546,0.752,343,0
2026-1,2026-06-15,2026-06-15,E2019RYO8290,0.753,343,0
2026-1,2026-06-15,2026-06-15,E2019PKI2442,0.748,355,0
2026-1,2026-06-15,2026-06-15,E2019WOD9104,0.749,345,0
2026-1,2026-06-15,2026-06-15,E2019NRS5184,0.745,354,0
2026-1,2026-06-15,2026-06-15,E2019HQR9042,0.75,353,0
2026-1,2026-06-15,2026-06-15,E2019PCA3099,0.748,355,0
2026-1,2026-06-15,2026-06-15,E2019WHU3805,0.755,329,0
2026-1,2026-06-15,2026-06-15,E2019WTI7216,0.765,16,1
2026-1,2026-06-15,2026-06-15,E2019XEC3218,0.748,343,0
2026-1,2026-06-15,2026-06-15,E2019PXT4059,0.75,329,0
2026-1,2026-06-15,2026-06-15,E2019JJJ4915,0.746,346,0
2026-1,2026-06-15,2026-06-15,E2019XLJ9806,0.757,335,0
2026-1,2026-06-15,2026-06-15,E2019XBI1587,0.743,357,0
2026-1,2026-06-15,2026-06-15,E2019DXW4824,0.749,353,0
2026-1,2026-06-15,2026-06-15,E2019PRO1104,0.745,358,0
2026-1,2026-06-15,2026-06-15,E2019RRD9919,0.754,335,0
2026-1,2026-06-15,2026-06-15,E2019XHI0340,0.752,347,0
2026-1,2026-06-15,2026-06-15,E2019XWX6841,0.742,364,0
2026-1,2026-06-15,2026-06-15,E2019YON6306,0.754,337,0
2026-1,2026-06-15,2026-06-15,E2019OKM0061,0.748,357,0
2026-1,2026-06-15,2026-06-15,E2019EZV1191,0.746,352,0
2026-1,2026-06-15,2026-06-15,E2019XNO2063,0.753,325,0
2026-1,2026-06-15,2026-06-15,E2019DGT4077,0.748,350,0
2026-1,2026-06-15,2026-06-15,E2019BJR3003,0.75,339,0
2026-1,2026-06-15,2026-06-15,E2020BML6772,0.754,289,0
2026-1,2026-06-15,2026-06-15,E2020BTW1281,0.756,293,0
2026-1,2026-06-15,2026-06-15,E2020TQC8965,0.749,312,0
2026-1,2026-06-15,2026-06-15,E2020PCI0688,0.756,289,0
2026-1,2026-06-15,2026-06-15,E2020IJR7991,0.744,321,0
2026-1,2026-06-15,2026-06-15,E2020LNJ0384,0.757,283,0
2026-1,2026-06-15,2026-06-15,E2020XBV5273,0.751,310,0
2026-1,2026-06-15,2026-06-15,E2020HQM1054,0.747,295,0
2026-1,2026-06-15,2026-06-15,E2020TZG2180,0.743,319,0
2026-1,2026-06-15,2026-06-15,E2020MKG3770,0.747,309,0
2026-1,2026-06-15,2026-06-15,E2020TKA3824,0.747,299,0
2026-1,2026-06-15,2026-06-15,E2020WAY8699,0.75,316,0
2026-1,2026-06-15,2026-06-15,E2020VDL1673,0.749,304,0
2026-1,2026-06-15,2026-06-15,E2020CQW1209,0.751,291,0
2026-1,2026-06-15,2026-06-15,E2020IIX4308,0.742,319,0
2026-1,2026-06-15,2026-06-15,E2020ZIE0696,0.744,320,0
2026-1,2026-06-15,2026-06-15,E2020FWK7615,0.745,313,0
2026-1,2026-06-15,2026-06-15,E2020VTA0715,0.745,315,0
2026-1,2026-06-15,2026-06-15,E2020PRV4478,0.81,3,1
2026-1,2026-06-15,2026-06-15,E2020CJN2865,0.736,334,0
2026-1,2026-06-15,2026-06-15,E2020MDI3297,0.757,286,0
2026-1,2026-06-15,2026-06-15,E2020SZK6128,0.74,327,0
2026-1,2026-06-15,2026-06-15,E2020ROJ1411,0.752,306,0
2026-1,2026-06-15,2026-06-15,E2020BSO7779,0.751,291,0
2026-1,2026-06-15,2026-06-15,E2020VPM6576,0.726,21,1
2026-1,2026-06-15,2026-06-15,E2020WXM0095,0.748,290,0
2026-1,2026-06-15,2026-06-15,E2020WXE1451,0.747,305,0
2026-1,2026-06-15,2026-06-15,E2020CAJ0290,0.74,314,0
2026-1,2026-06-15,2026-06-15,E2020SKV2713,0.751,294,0
2026-1,2026-06-15,2026-06-15,E2020NTY4732,0.747,300,0
2026-1,2026-06-15,2026-06-15,E2020LKV2755,0.747,308,0
2026-1,2026-06-15,2026-06-15,E2020TDN2258,0.746,308,0
2026-1,2026-06-15,2026-06-15,E2020ETZ5147,0.753,297,0
2026-1,2026-06-15,2026-06-15,E2020AQG5442,0.745,303,0
2026-1,2026-06-15,2026-06-15,E2020TVW4214,0.741,318,0
2026-1,2026-06-15,2026-06-15,E2021KFZ6006,0.763,234,0
2026-1,2026-06-15,2026-06-15,E2021HQJ9543,0.753,245,0
2026-1,2026-06-15,2026-06-15,E2021TGU9301,0.752,254,0
2026-1,2026-06-15,2026-06-15,E2021EQH3045,0.739,292,0
2026-1,2026-06-15,2026-06-15,E2021RPY6207,0.752,258,0
2026-1,2026-06-15,2026-06-15,E2021EKX7179,0.746,263,0
2026-1,2026-06-15,2026-06-15,E2021ZOM4462,0.745,275,0
2026-1,2026-06-15,2026-06-15,E2021BZC7557,0.746,252,0
2026-1,2026-06-15,2026-06-15,E2021LXN1780,0.749,265,0
2026-1,2026-06-15,2026-06-15,E2021BDG6641,0.743,276,0
2026-1,2026-06-15,2026-06-15,E2021EWT3945,0.739,287,0
2026-1,2026-06-15,2026-06-15,E2021HMQ4105,0.752,255,0
2026-1,2026-06-15,2026-06-15,E2021HMD1796,0.749,264,0
2026-1,2026-06-15,2026-06-15,E2021JNC8905,0.744,276,0
2026-1,2026-06-15,2026-06-15,E2021TVK8578,0.753,259,0
2026-1,2026-06-15,2026-06-15,E2021HZL5792,0.748,263,0
2026-1,2026-06-15,2026-06-15,E2021TUB4951,0.74,268,0
2026-1,2026-06-15,2026-06-15,E2021FIA3704,0.748,262,0
2026-1,2026-06-15,2026-06-15,E2021ZQH0605,0.754,243,0
2026-1,2026-06-15,2026-06-15,E2021AKM4484,0.745,258,0
2026-1,2026-06-15,2026-06-15,E2021ADM3565,0.757,240,0
2026-1,2026-06-15,2026-06-15,E2021FKK7066,0.747,270,0
2026-1,2026-06-15,2026-06-15,E2021BOD8117,0.746,267,0
2026-1,2026-06-15,2026-06-15,E2021HAP1891,0.747,257,0
2026-1,2026-06-15,2026-06-15,E2021KRK9895,0.755,247,0
2026-1,2026-06-15,2026-06-15,E2021RMZ5974,0.747,267,0
2026-1,2026-06-15,2026-06-15,E2021WJX7551,0.753,253,0
2026-1,2026-06-15,2026-06-15,E2021RBE4858,0.758,243,0
2026-1,2026-06-15,2026-06-15,E2021QAI3499,0.749,271,0
2026-1,2026-06-15,2026-06-15,E2021JCD0826,0.771,13,1
2026-1,2026-06-15,2026-06-15,E2021QPB9520,0.743,272,0
2026-1,2026-06-15,2026-06-15,E2021EHC2148,0.761,3,1
2026-1,2026-06-15,2026-06-15,E2021AWT0699,0.75,253,0
2026-1,2026-06-15,2026-06-15,E2021AVO8181,0.764,240,0
2026-1,2026-06-15,2026-06-15,E2021QBY4677,0.753,246,0
2026-1,2026-06-15,2026-06-15,E2022RCX6917,0.746,156,0
2026-1,2026-06-15,2026-06-15,E2022NUR5695,0.737,167,0
2026-1,2026-06-15,2026-06-15,E2022BOB8559,0.74,149,0
2026-1,2026-06-15,2026-06-15,E2022XLX6769,0.755,142,0
2026-1,2026-06-15,2026-06-15,E2022YHT1926,0.752,140,0
2026-1,2026-06-15,2026-06-15,E2022LQI5951,0.743,156,0
2026-1,2026-06-15,2026-06-15,E2022UUG0364,0.75,137,0
2026-1,2026-06-15,2026-06-15,E2022VAX6895,0.761,135,0
2026-1,2026-06-15,2026-06-15,E2022CQP2082,0.739,162,0
2026-1,2026-06-15,2026-06-15,E2022NJT6424,0.743,6,1
2026-1,2026-06-15,2026-06-15,E2022GZK8586,0.72,6,1
2026-1,2026-06-15,2026-06-15,E2022IAV7729,0.748,150,0
2026-1,2026-06-15,2026-06-15,E2022HNH5836,0.719,23,1
2026-1,2026-06-15,2026-06-15,E2022CWL5335,0.756,143,0
2026-1,2026-06-15,2026-06-15,E2022BYP1523,0.744,155,0
2026-1,2026-06-15,2026-06-15,E2022LCE6984,0.73,167,0
2026-1,2026-06-15,2026-06-15,E2022BWO1897,0.759,133,0
2026-1,2026-06-15,2026-06-15,E2022EED4586,0.752,128,0
2026-1,2026-06-15,2026-06-15,E2022HZJ1815,0.749,17,1
2026-1,2026-06-15,2026-06-15,E2022NEL7129,0.744,148,0
2026-1,2026-06-15,2026-06-15,E2022RKU6466,0.745,144,0
2026-1,2026-06-15,2026-06-15,E2022KKJ0624,0.75,147,0
2026-1,2026-06-15,2026-06-15,E2022PEA8649,0.738,159,0
2026-1,2026-06-15,2026-06-15,E2022TKQ0466,0.761,128,0
2026-1,2026-06-15,2026-06-15,E2022OBO7566,0.742,156,0
2026-1,2026-06-15,2026-06-15,E2022LRH3785,0.742,145,0
2026-1,2026-06-15,2026-06-15,E2022OKA6014,0.749,144,0
2026-1,2026-06-15,2026-06-15,E2022XTS2619,0.757,139,0
2026-1,2026-06-15,2026-06-15,E2022KWZ0224,0.743,20,1
2026-1,2026-06-15,2026-06-15,E2022PUS1551,0.753,144,0
2026-1,2026-06-15,2026-06-15,E2022IDT1083,0.735,166,0
2026-1,2026-06-15,2026-06-15,E2022RYC7167,0.702,6,1
2026-1,2026-06-15,2026-06-15,E2022KQL8923,0.761,4,1
2026-1,2026-06-15,2026-06-15,E2022TJU8891,0.746,150,0
2026-1,2026-06-15,2026-06-15,E2022DEO0806,0.749,140,0
2026-1,2026-06-15,2026-06-15,E2023KAR2227,0.742,65,0
2026-1,2026-06-15,2026-06-15,E2023FQG6959,0.759,60,0
2026-1,2026-06-15,2026-06-15,E2023SGO0141,0.76,54,0
2026-1,2026-06-15,2026-06-15,E2023SKI0560,0.766,52,0
2026-1,2026-06-15,2026-06-15,E2023SXO8969,0.751,57,0
2026-1,2026-06-15,2026-06-15,E2023AIT4511,0.763,52,0
2026-1,2026-06-15,2026-06-15,E2023PUG1538,0.751,56,0
2026-1,2026-06-15,2026-06-15,E2023CRZ7286,0.742,59,0
2026-1,2026-06-15,2026-06-15,E2023FIX6551,0.763,53,0
2026-1,2026-06-15,2026-06-15,E2023EQG1665,0.753,57,0
2026-1,2026-06-15,2026-06-15,E2023IBA5956,0.753,52,0
2026-1,2026-06-15,2026-06-15,E2023UXK8820,0.746,4,1
2026-1,2026-06-15,2026-06-15,E2023WBE6994,0.752,56,0
2026-1,2026-06-15,2026-06-15,E2023GSH2650,0.762,52,0
2026-1,2026-06-15,2026-06-15,E2023MUJ1763,0.728,61,0
2026-1,2026-06-15,2026-06-15,E2023IYB5501,0.75,54,0
2026-1,2026-06-15,2026-06-15,E2023KXK2417,0.754,58,0
2026-1,2026-06-15,2026-06-15,E2023YHI1268,0.748,59,0
2026-1,2026-06-15,2026-06-15,E2023MUZ2100,0.758,56,0
2026-1,2026-06-15,2026-06-15,E2023AXI8660,0.756,60,0
2026-1,2026-06-15,2026-06-15,E2023GIB9587,0.754,56,0
2026-1,2026-06-15,2026-06-15,E2023QST3108,0.702,7,1
2026-1,2026-06-15,2026-06-15,E2023YKL7893,0.736,56,0
2026-1,2026-06-15,2026-06-15,E2023BDT7072,0.749,55,0
2026-1,2026-06-15,2026-06-15,E2023HSU4357,0.76,55,0
2026-1,2026-06-15,2026-06-15,E2023SKP5558,0.696,7,1
2026-1,2026-06-15,2026-06-15,E2023DHN4757,0.748,58,0
2026-1,2026-06-15,2026-06-15,E2023KGI3241,0.761,54,0
2026-1,2026-06-15,2026-06-15,E2023TYT2400,0.747,51,0
2026-1,2026-06-15,2026-06-15,E2023GES3738,0.741,58,0
2026-1,2026-06-15,2026-06-15,E2023LYQ2743,0.729,67,0
2026-1,2026-06-15,2026-06-15,E2023OEA4630,0.752,63,0
2026-1,2026-06-15,2026-06-15,E2023NEO0073,0.738,64,0
2026-1,2026-06-15,2026-06-15,E2023QYB0509,0.772,5,1
2026-1,2026-06-15,2026-06-15,E2023AHO4371,0.748,56,0
2026-1,2026-06-15,2026-06-15,E2024YOF5116,0.727,14,0
2026-1,2026-06-15,2026-06-15,E2024HDR2777,0.765,15,0
2026-1,2026-06-15,2026-06-15,E2024KOP5280,0.764,9,0
2026-1,2026-06-15,2026-06-15,E2024SZX4201,0.702,18,0
2026-1,2026-06-15,2026-06-15,E2024JKK3433,0.719,18,0
2026-1,2026-06-15,2026-06-15,E2024GPQ4392,0.746,14,0
2026-1,2026-06-15,2026-06-15,E2024YTZ0516,0.735,15,0
2026-1,2026-06-15,2026-06-15,E2024WGQ1376,0.751,13,0
2026-1,2026-06-15,2026-06-15,E2024BSN9686,0.728,18,0
2026-1,2026-06-15,2026-06-15,E2024BAR6131,0.766,12,0
2026-1,2026-06-15,2026-06-15,E2024PZV9159,0.789,10,0
2026-1,2026-06-15,2026-06-15,E2024AJB9010,0.74,15,0
2026-1,2026-06-15,2026-06-15,E2024ZKV4555,0.796,11,0
2026-1,2026-06-15,2026-06-15,E2024WZQ2242,0.771,12,0
2026-1,2026-06-15,2026-06-15,E2024YDS4155,0.755,13,0
2026-1,2026-06-15,2026-06-15,E2024YRA1962,0.775,12,0
2026-1,2026-06-15,2026-06-15,E2024OIQ0866,0.709,16,0
2026-1,2026-06-15,2026-06-15,E2024ZNW8332,0.756,11,0
2026-1,2026-06-15,2026-06-15,E2024EWS9930,0.75,14,0
2026-1,2026-06-15,2026-06-15,E2024TZI9728,0.777,12,0
2026-1,2026-06-15,2026-06-15,E2024EWX9853,0.803,9,0
2026-1,2026-06-15,2026-06-15,E2024NHL3571,0.73,15,0
2026-1,2026-06-15,2026-06-15,E2024EHV6706,0.775,10,0
2026-1,2026-06-15,2026-06-15,E2024WFC7774,0.754,14,0
2026-1,2026-06-15,2026-06-15,E2024VSM4807,0.784,11,0
2026-1,2026-06-15,2026-06-15,E2024GRV3339,0.687,22,0
2026-1,2026-06-15,2026-06-15,E2024JLG0117,0.708,17,0
2026-1,2026-06-15,2026-06-15,E2024EIP9932,0.745,14,0
2026-1,2026-06-15,2026-06-15,E2024HSW4889,0.795,11,0
2026-1,2026-06-15,2026-06-15,E2024MBC8136,0.778,11,0
2026-1,2026-06-15,2026-06-15,E2024KTX0740,0.74,17,0
2026-1,2026-06-15,2026-06-15,E2024ZUN6694,0.748,13,0
2026-1,2026-06-15,2026-06-15,E2024MIB2411,0.763,15,0
2026-1,2026-06-15,2026-06-15,E2024YZP7524,0.75,15,0
2026-1,2026-06-15,2026-06-15,E2024PUF1762,0.766,13,0
2026-1,2026-06-15,2026-06-15,E2025TMR9195,0.732,11,0
2026-1,2026-06-15,2026-06-15,E2025TQA3997,0.708,15,0
2026-1,2026-06-15,2026-06-15,E2025NPH1104,0.716,12,0
2026-1,2026-06-15,2026-06-15,E2025WOR1366,0.765,8,0
2026-1,2026-06-15,2026-06-15,E2025MTZ9219,0.726,10,0
2026-1,2026-06-15,2026-06-15,E2025MCV6332,0.712,12,0
2026-1,2026-06-15,2026-06-15,E2025XAL6166,0.716,12,0
2026-1,2026-06-15,2026-06-15,E2025NPM4802,0.749,13,0
2026-1,2026-06-15,2026-06-15,E2025DFR7076,0.76,9,0
2026-1,2026-06-15,2026-06-15,E2025PCZ7975,0.707,11,0
2026-1,2026-06-15,2026-06-15,E2025AKE0634,0.764,8,0
2026-1,2026-06-15,2026-06-15,E2025XQC6510,0.707,11,0
2026-1,2026-06-15,2026-06-15,E2025QTJ9858,0.744,10,0
2026-1,2026-06-15,2026-06-15,E2025SPA0144,0.769,9,0
2026-1,2026-06-15,2026-06-15,E2025SWB1472,0.736,9,0
2026-1,2026-06-15,2026-06-15,E2025URT0413,0.7,13,0
2026-1,2026-06-15,2026-06-15,E2025MAL2714,0.765,8,0
2026-1,2026-06-15,2026-06-15,E2025SQX8808,0.799,5,0
2026-1,2026-06-15,2026-06-15,E2025YZI2712,0.77,8,0
2026-1,2026-06-15,2026-06-15,E2025UCO0078,0.74,11,0
2026-1,2026-06-15,2026-06-15,E2025QSM0860,0.79,8,0
2026-1,2026-06-15,2026-06-15,E2025AUG7095,0.714,12,0
2026-1,2026-06-15,2026-06-15,E2025THS3112,0.777,7,0
2026-1,2026-06-15,2026-06-15,E2025EWN2704,0.759,8,0
2026-1,2026-06-15,2026-06-15,E2025YRA4787,0.764,10,0
2026-1,2026-06-15,2026-06-15,E2025DGS6938,0.699,15,0
2026-1,2026-06-15,2026-06-15,E2025LLL9579,0.79,7,0
2026-1,2026-06-15,2026-06-15,E2025BNY0090,0.75,11,0
2026-1,2026-06-15,2026-06-15,E2025LUH9826,0.734,11,0
2026-1,2026-06-15,2026-06-15,E2025BXC1625,0.707,13,0
2026-1,2026-06-15,2026-06-15,E2025ZAP6910,0.811,6,0
2026-1,2026-06-15,2026-06-15,E2025AAX3564,0.732,10,0
2026-1,2026-06-15,2026-06-15,E2025IXI7963,0.712,11,0
2026-1,2026-06-15,2026-06-15,E2025NQK9343,0.727,12,0
2026-1,2026-06-15,2026-06-15,E2025QIY2584,0.76,8,0
2026-1,2026-06-15,2026-06-15,E2026GMA8960,0.801,4,0
2026-1,2026-06-15,2026-06-15,E2026KQN7705,0.781,7,0
2026-1,2026-06-15,2026-06-15,E2026UHL4149,0.799,7,0
2026-1,2026-06-15,2026-06-15,E2026TPU4148,0.702,14,0
2026-1,2026-06-15,2026-06-15,E2026WYA3424,0.735,10,0
2026-1,2026-06-15,2026-06-15,E2026AXV0501,0.81,5,0
2026-1,2026-06-15,2026-06-15,E2026MKX9459,0.78,8,0
2026-1,2026-06-15,2026-06-15,E2026GKD1409,0.784,7,0
2026-1,2026-06-15,2026-06-15,E2026LQE2375,0.773,8,0
2026-1,2026-06-15,2026-06-15,E2026KYB7806,0.773,5,1
2026-1,2026-06-15,2026-06-15,E2026NPS8278,0.773,9,0
2026-1,2026-06-15,2026-06-15,E2026UNI0526,0.752,4,1
2026-1,2026-06-15,2026-06-15,E2026TOS0539,0.74,10,0
2026-1,2026-06-15,2026-06-15,E2026SHI1685,0.784,4,1
2026-1,2026-06-15,2026-06-15,E2026JYH2860,0.78,9,0
2026-1,2026-06-15,2026-06-15,E2026MLG8716,0.756,9,0
2026-1,2026-06-15,2026-06-15,E2026VJI6868,0.742,12,0
2026-1,2026-06-15,2026-06-15,E2026BBB6946,0.742,11,0
2026-1,2026-06-15,2026-06-15,E2026AAZ3736,0.735,10,0
2026-1,2026-06-15,2026-06-15,E2026AVI9194,0.757,8,0
2026-1,2026-06-15,2026-06-15,E2026XUE2096,0.763,8,0
2026-1,2026-06-15,2026-06-15,E2026ZSX4009,0.755,7,0
2026-1,2026-06-15,2026-06-15,E2026GXM4026,0.715,12,0
2026-1,2026-06-15,2026-06-15,E2026DKW1961,0.794,3,1
2026-1,2026-06-15,2026-06-15,E2026AJG9275,0.71,7,1
2026-1,2026-06-15,2026-06-15,E2026VSI1995,0.723,12,0
2026-1,2026-06-15,2026-06-15,E2026KXU6963,0.745,11,0
2026-1,2026-06-15,2026-06-15,E2026UTK7204,0.735,9,0
2026-1,2026-06-15,2026-06-15,E2026LGW6900,0.735,11,0
2026-1,2026-06-15,2026-06-15,E2026ZWY1714,0.762,8,0
2026-1,2026-06-15,2026-06-15,E2026YGJ8466,0.789,7,0
2026-1,2026-06-15,2026-06-15,E2026NQH5558,0.71,12,0
2026-1,2026-06-15,2026-06-15,E2026CAF7919,0.758,8,0
2026-1,2026-06-15,2026-06-15,E2026TER6963,0.748,8,0
2026-1,2026-06-15,2026-06-15,E2026VJA9787,0.71,14,0
