Periodo,Fecha_recoleccion,Fecha_carga,estudiante_id,empleabilidad,satisfacción
2026-1,2026-03-02,2026-03-02,E1,0.8,0.51
2026-1,2026-03-02,2026-03-02,E2,0.57,0.7
2026-1,2026-03-02,2026-03-02,E3,0.66,0.5
2026-1,2026-03-02,2026-03-02,E4,0.65,0.68
2026-1,2026-03-02,2026-03-02,E5,0.97,0.64
2026-1,2026-03-02,2026-03-02,E6,0.85,0.78
2026-1,2026-03-02,2026-03-02,E7,0.95,0.82
2026-1,2026-03-02,2026-03-02,E8,0.68,0.96
2026-1,2026-03-02,2026-03-02,E9,0.54,0.7
2026-1,2026-03-02,2026-03-02,E10,0.88,0.88
2026-1,2026-03-02,2026-03-02,E11,0.95,0.72
2026-1,2026-03-02,2026-03-02,E12,0.86,0.77
2026-1,2026-03-02,2026-03-02,E13,0.98,0.75
2026-1,2026-03-02,2026-03-02,E14,0.9,0.72
2026-1,2026-03-02,2026-03-02,E15,0.99,0.56
2026-1,2026-03-02,2026-03-02,E16,0.89,0.77
2026-1,2026-03-02,2026-03-02,E17,0.61,0.82
2026-1,2026-03-02,2026-03-02,E18,0.82,0.87
2026-1,2026-03-02,2026-03-02,E19,0.65,0.84
2026-1,2026-03-02,2026-03-02,E20,0.69,0.75
