Periodo,Fecha_recoleccion,Fecha_carga,estudiante_id,ID_Cohorte,empleabilidad,satisfacción,Fecha_corte
2026-2,2026-06-25,2026-06-25,E2,O2018-1,0.855,0.878,2026-06-26 14:46:12
2026-2,2026-06-25,2026-06-25,E6,O2018-1,0.784,0.881,2026-06-26 14:48:22
2026-2,2026-06-25,2026-06-25,E13,O2018-1,0.964,0.737,2026-06-26 14:45:19
2026-2,2026-06-25,2026-06-25,E17,O2018-1,0.735,0.781,2026-06-26 14:45:53
2026-2,2026-06-25,2026-06-25,E12,O2018-1,0.815,1.0,2026-06-26 14:45:13
2026-2,2026-06-25,2026-06-25,E20,O2018-1,0.788,0.556,2026-06-26 14:46:13
2026-2,2026-06-25,2026-06-25,E23,O2018-1,0.799,0.742,2026-06-26 14:46:35
2026-2,2026-06-25,2026-06-25,E29,O2018-2,0.706,0.724,2026-06-26 14:47:14
2026-2,2026-06-25,2026-06-25,E32,O2018-2,0.619,0.69,2026-06-26 14:47:31
2026-2,2026-06-25,2026-06-25,E35,O2018-2,0.882,0.782,2026-06-26 14:47:47
2026-2,2026-06-25,2026-06-25,E37,O2018-2,0.973,0.793,2026-06-26 14:47:56
2026-2,2026-06-25,2026-06-25,E42,O2018-2,0.795,0.741,2026-06-26 14:48:10
2026-2,2026-06-25,2026-06-25,E44,O2018-2,0.962,0.847,2026-06-26 14:48:13
2026-2,2026-06-25,2026-06-25,E49,O2018-2,0.821,1.0,2026-06-26 14:48:16
2026-2,2026-06-25,2026-06-25,E28,O2018-2,0.879,0.771,2026-06-26 14:47:07
2026-2,2026-06-25,2026-06-25,E43,O2018-2,0.611,0.836,2026-06-26 14:48:12
2026-2,2026-06-25,2026-06-25,E47,O2018-2,0.704,0.858,2026-06-26 14:48:14
2026-2,2026-06-25,2026-06-25,E51,O2019-1,0.885,0.671,2026-06-26 14:48:18
2026-2,2026-06-25,2026-06-25,E60,O2019-1,0.67,0.668,2026-06-26 14:48:23
2026-2,2026-06-25,2026-06-25,E68,O2019-1,0.695,0.829,2026-06-26 14:48:29
2026-2,2026-06-25,2026-06-25,E75,O2019-1,0.674,0.601,2026-06-26 14:48:33
2026-2,2026-06-25,2026-06-25,E77,O2019-2,0.891,0.753,2026-06-26 14:48:34
2026-2,2026-06-25,2026-06-25,E83,O2019-2,0.831,0.781,2026-06-26 14:48:38
2026-2,2026-06-25,2026-06-25,E89,O2019-2,0.862,0.767,2026-06-26 14:48:41
2026-2,2026-06-25,2026-06-25,E90,O2019-2,0.77,1.0,2026-06-26 14:48:42
2026-2,2026-06-25,2026-06-25,E95,O2019-2,0.73,0.603,2026-06-26 14:48:46
2026-2,2026-06-25,2026-06-25,E72,O2019-1,0.864,0.614,2026-06-26 14:48:31
2026-2,2026-06-25,2026-06-25,E97,O2019-2,0.656,0.706,2026-06-26 14:48:47
2026-2,2026-06-25,2026-06-25,E98,O2019-2,0.821,0.719,2026-06-26 14:48:48
2026-2,2026-06-25,2026-06-25,E101,O2020-1,0.822,0.835,2026-06-26 14:45:00
2026-2,2026-06-25,2026-06-25,E113,O2020-1,0.828,0.503,2026-06-26 14:45:08
2026-2,2026-06-25,2026-06-25,E78,O2019-2,0.6,0.715,2026-06-26 14:48:35
2026-2,2026-06-25,2026-06-25,E100,O2019-2,0.696,0.576,2026-06-26 14:44:58
2026-2,2026-06-25,2026-06-25,E128,O2020-2,0.75,0.659,2026-06-26 14:45:18
2026-2,2026-06-25,2026-06-25,E136,O2020-2,0.793,0.822,2026-06-26 14:45:26
2026-2,2026-06-25,2026-06-25,E141,O2020-2,0.862,0.687,2026-06-26 14:45:32
2026-2,2026-06-25,2026-06-25,E142,O2020-2,0.741,0.873,2026-06-26 14:45:33
2026-2,2026-06-25,2026-06-25,E144,O2020-2,0.945,0.704,2026-06-26 14:45:35
2026-2,2026-06-25,2026-06-25,E133,O2020-2,0.768,0.949,2026-06-26 14:45:23
2026-2,2026-06-25,2026-06-25,E155,O2021-1,0.744,0.672,2026-06-26 14:45:42
2026-2,2026-06-25,2026-06-25,E160,O2021-1,0.83,0.561,2026-06-26 14:45:47
2026-2,2026-06-25,2026-06-25,E164,O2021-1,0.753,0.788,2026-06-26 14:45:49
2026-2,2026-06-25,2026-06-25,E170,O2021-1,0.887,0.739,2026-06-26 14:45:53
2026-2,2026-06-25,2026-06-25,E117,O2020-1,0.612,0.779,2026-06-26 14:45:10
2026-2,2026-06-25,2026-06-25,E179,O2021-2,0.744,0.522,2026-06-26 14:45:59
2026-2,2026-06-25,2026-06-25,E180,O2021-2,0.625,0.692,2026-06-26 14:46:00
2026-2,2026-06-25,2026-06-25,E183,O2021-2,0.826,1.0,2026-06-26 14:46:02
2026-2,2026-06-25,2026-06-25,E184,O2021-2,0.921,0.599,2026-06-26 14:46:03
2026-2,2026-06-25,2026-06-25,E186,O2021-2,0.877,1.0,2026-06-26 14:46:04
2026-2,2026-06-25,2026-06-25,E187,O2021-2,0.775,0.861,2026-06-26 14:46:05
2026-2,2026-06-25,2026-06-25,E189,O2021-2,0.811,0.625,2026-06-26 14:46:06
2026-2,2026-06-25,2026-06-25,E191,O2021-2,0.876,0.504,2026-06-26 14:46:07
2026-2,2026-06-25,2026-06-25,E157,O2021-1,0.693,0.609,2026-06-26 14:45:43
2026-2,2026-06-25,2026-06-25,E197,O2021-2,0.948,0.782,2026-06-26 14:46:10
2026-2,2026-06-25,2026-06-25,E206,O2022-1,0.729,0.902,2026-06-26 14:46:18
2026-2,2026-06-25,2026-06-25,E210,O2022-1,0.759,1.0,2026-06-26 14:46:21
2026-2,2026-06-25,2026-06-25,E211,O2022-1,0.883,0.543,2026-06-26 14:46:23
2026-2,2026-06-25,2026-06-25,E223,O2022-1,0.94,1.0,2026-06-26 14:46:30
2026-2,2026-06-25,2026-06-25,E224,O2022-1,0.701,0.675,2026-06-26 14:46:31
