ID_Cohorte,N,Nivel_Analisis,Promedio_Logro_Perfil_Noveno,BEG,PRE_BEG,Riesgo_interno,Riesgo_externo,ISPG,ISPG_norm,Clasificacion,Fuente_datos,Fecha_carga,Fecha_analisis,Alpha_Cronbach,MonteCarlo_mean,MonteCarlo_std
O2018-1,1752,NOVENO,80.01,19.99,21.73,25.746,21.988,77.883,77.883,Verde,export/perfil_logro_individual.csv,2026-06-25 11:11:05,2026-06-25 11:12:12,1.0451718701395887,,
O2018-2,1572,NOVENO,77.04,22.96,22.78,25.393,21.988,76.504,76.504,Verde,export/perfil_logro_individual.csv,2026-06-25 11:11:05,2026-06-25 11:12:12,1.0451718701395887,,
O2019-1,2124,NOVENO,78.25,21.75,21.25,25.913,21.988,76.954,76.954,Verde,export/perfil_logro_individual.csv,2026-06-25 11:11:05,2026-06-25 11:12:12,1.0451718701395887,,
O2019-2,1980,NOVENO,78.8,21.2,21.08,25.742,21.988,77.28,77.28,Verde,export/perfil_logro_individual.csv,2026-06-25 11:11:05,2026-06-25 11:12:12,1.0451718701395887,,
O2020-1,1704,NOVENO,78.06,21.94,22.61,25.206,21.988,77.071,77.071,Verde,export/perfil_logro_individual.csv,2026-06-25 11:11:05,2026-06-25 11:12:12,1.0451718701395887,,
O2020-2,1716,NOVENO,80.27,19.73,19.4,25.704,21.988,78.026,78.026,Verde,export/perfil_logro_individual.csv,2026-06-25 11:11:05,2026-06-25 11:12:12,1.0451718701395887,,
O2021-1,1788,NOVENO,79.59,20.41,21.46,26.023,21.988,77.59,77.59,Verde,export/perfil_logro_individual.csv,2026-06-25 11:11:05,2026-06-25 11:12:12,1.0451718701395887,,
O2021-2,1800,NOVENO,81.96,18.04,19.82,25.738,21.988,78.861,78.861,Verde,export/perfil_logro_individual.csv,2026-06-25 11:11:05,2026-06-25 11:12:12,1.0451718701395887,,
O2022-1,1764,NOVENO,83.93,16.07,17.89,25.879,21.988,79.804,79.804,Verde,export/perfil_logro_individual.csv,2026-06-25 11:11:05,2026-06-25 11:12:12,1.0451718701395887,,
