ID_EST,ID_COMP,Logro_Competencia,Fecha_corte,ID_Cohorte,Nivel
E1,C1,74.23174603174604,2026-06-25 11:11:00,O2018-1,PRIMER
E1,C2,74.23174603174604,2026-06-25 11:11:00,O2018-1,PRIMER
E1,C3,74.23174603174604,2026-06-25 11:11:00,O2018-1,PRIMER
E10,C1,82.77034140102322,2026-06-25 11:11:00,O2018-1,PRIMER
E10,C2,82.77034140102322,2026-06-25 11:11:00,O2018-1,PRIMER
E10,C3,82.77034140102322,2026-06-25 11:11:00,O2018-1,PRIMER
E100,C1,81.4818772136954,2026-06-25 11:11:00,O2019-2,PRIMER
E100,C2,81.4818772136954,2026-06-25 11:11:00,O2019-2,PRIMER
E100,C3,81.4818772136954,2026-06-25 11:11:00,O2019-2,PRIMER
E101,C1,73.4,2026-06-25 11:11:00,O2020-1,PRIMER
E101,C2,73.4,2026-06-25 11:11:00,O2020-1,PRIMER
E101,C3,73.4,2026-06-25 11:11:00,O2020-1,PRIMER
E102,C1,78.16271153089336,2026-06-25 11:11:00,O2020-1,PRIMER
E102,C2,78.16271153089336,2026-06-25 11:11:00,O2020-1,PRIMER
E102,C3,78.16271153089336,2026-06-25 11:11:00,O2020-1,PRIMER
E103,C1,81.86666666666666,2026-06-25 11:11:00,O2020-1,PRIMER
E103,C2,81.86666666666666,2026-06-25 11:11:00,O2020-1,PRIMER
E103,C3,81.86666666666666,2026-06-25 11:11:00,O2020-1,PRIMER
E104,C1,74.25576251234146,2026-06-25 11:11:00,O2020-1,PRIMER
E104,C2,74.25576251234146,2026-06-25 11:11:00,O2020-1,PRIMER
E104,C3,74.25576251234146,2026-06-25 11:11:00,O2020-1,PRIMER
E105,C1,74.07903439153439,2026-06-25 11:11:00,O2020-1,PRIMER
E105,C2,74.07903439153439,2026-06-25 11:11:00,O2020-1,PRIMER
E105,C3,74.07903439153439,2026-06-25 11:11:00,O2020-1,PRIMER
E106,C1,67.48333333333332,2026-06-25 11:11:00,O2020-1,PRIMER
E106,C2,67.48333333333332,2026-06-25 11:11:00,O2020-1,PRIMER
E106,C3,67.48333333333332,2026-06-25 11:11:00,O2020-1,PRIMER
E107,C1,58.9,2026-06-25 11:11:00,O2020-1,PRIMER
E107,C2,58.9,2026-06-25 11:11:00,O2020-1,PRIMER
E107,C3,58.9,2026-06-25 11:11:00,O2020-1,PRIMER
E108,C1,64.51666666666668,2026-06-25 11:11:00,O2020-1,PRIMER
E108,C2,64.51666666666668,2026-06-25 11:11:00,O2020-1,PRIMER
E108,C3,64.51666666666668,2026-06-25 11:11:00,O2020-1,PRIMER
E109,C1,76.2,2026-06-25 11:11:00,O2020-1,PRIMER
E109,C2,76.2,2026-06-25 11:11:00,O2020-1,PRIMER
E109,C3,76.2,2026-06-25 11:11:00,O2020-1,PRIMER
E11,C1,61.23333333333333,2026-06-25 11:11:00,O2018-1,PRIMER
E11,C2,61.23333333333333,2026-06-25 11:11:00,O2018-1,PRIMER
E11,C3,61.23333333333333,2026-06-25 11:11:00,O2018-1,PRIMER
E110,C1,81.31658303817395,2026-06-25 11:11:00,O2020-1,PRIMER
E110,C2,81.31658303817395,2026-06-25 11:11:00,O2020-1,PRIMER
E110,C3,81.31658303817395,2026-06-25 11:11:00,O2020-1,PRIMER
E111,C1,66.4,2026-06-25 11:11:00,O2020-1,PRIMER
E111,C2,66.4,2026-06-25 11:11:00,O2020-1,PRIMER
E111,C3,66.4,2026-06-25 11:11:00,O2020-1,PRIMER
E112,C1,66.71666666666667,2026-06-25 11:11:00,O2020-1,PRIMER
E112,C2,66.71666666666667,2026-06-25 11:11:00,O2020-1,PRIMER
E112,C3,66.71666666666667,2026-06-25 11:11:00,O2020-1,PRIMER
E113,C1,80.71305361305362,2026-06-25 11:11:00,O2020-1,PRIMER
E113,C2,80.71305361305362,2026-06-25 11:11:00,O2020-1,PRIMER
E113,C3,80.71305361305362,2026-06-25 11:11:00,O2020-1,PRIMER
E114,C1,70.56666666666668,2026-06-25 11:11:00,O2020-1,PRIMER
E114,C2,70.56666666666668,2026-06-25 11:11:00,O2020-1,PRIMER
E114,C3,70.56666666666668,2026-06-25 11:11:00,O2020-1,PRIMER
E115,C1,67.53333333333333,2026-06-25 11:11:00,O2020-1,PRIMER
E115,C2,67.53333333333333,2026-06-25 11:11:00,O2020-1,PRIMER
E115,C3,67.53333333333333,2026-06-25 11:11:00,O2020-1,PRIMER
E116,C1,58.5,2026-06-25 11:11:00,O2020-1,PRIMER
E116,C2,58.5,2026-06-25 11:11:00,O2020-1,PRIMER
E116,C3,58.5,2026-06-25 11:11:00,O2020-1,PRIMER
E117,C1,77.08621933621933,2026-06-25 11:11:00,O2020-1,PRIMER
E117,C2,77.08621933621933,2026-06-25 11:11:00,O2020-1,PRIMER
E117,C3,77.08621933621933,2026-06-25 11:11:00,O2020-1,PRIMER
E118,C1,74.34142328259975,2026-06-25 11:11:00,O2020-1,PRIMER
E118,C2,74.34142328259975,2026-06-25 11:11:00,O2020-1,PRIMER
E118,C3,74.34142328259975,2026-06-25 11:11:00,O2020-1,PRIMER
E119,C1,70.20416666666667,2026-06-25 11:11:00,O2020-1,PRIMER
E119,C2,70.20416666666667,2026-06-25 11:11:00,O2020-1,PRIMER
E119,C3,70.20416666666667,2026-06-25 11:11:00,O2020-1,PRIMER
E12,C1,77.81170104405399,2026-06-25 11:11:00,O2018-1,PRIMER
E12,C2,77.81170104405399,2026-06-25 11:11:00,O2018-1,PRIMER
E12,C3,77.81170104405399,2026-06-25 11:11:00,O2018-1,PRIMER
E120,C1,63.43333333333334,2026-06-25 11:11:00,O2020-1,PRIMER
E120,C2,63.43333333333334,2026-06-25 11:11:00,O2020-1,PRIMER
E120,C3,63.43333333333334,2026-06-25 11:11:00,O2020-1,PRIMER
E121,C1,64.68333333333334,2026-06-25 11:11:00,O2020-1,PRIMER
E121,C2,64.68333333333334,2026-06-25 11:11:00,O2020-1,PRIMER
E121,C3,64.68333333333334,2026-06-25 11:11:00,O2020-1,PRIMER
E122,C1,70.01666666666667,2026-06-25 11:11:00,O2020-1,PRIMER
E122,C2,70.01666666666667,2026-06-25 11:11:00,O2020-1,PRIMER
E122,C3,70.01666666666667,2026-06-25 11:11:00,O2020-1,PRIMER
E123,C1,71.01873638344227,2026-06-25 11:11:00,O2020-1,PRIMER
E123,C2,71.01873638344227,2026-06-25 11:11:00,O2020-1,PRIMER
E123,C3,71.01873638344227,2026-06-25 11:11:00,O2020-1,PRIMER
E124,C1,63.116666666666674,2026-06-25 11:11:00,O2020-1,PRIMER
E124,C2,63.116666666666674,2026-06-25 11:11:00,O2020-1,PRIMER
E124,C3,63.116666666666674,2026-06-25 11:11:00,O2020-1,PRIMER
E125,C1,61.73333333333333,2026-06-25 11:11:00,O2020-1,PRIMER
E125,C2,61.73333333333333,2026-06-25 11:11:00,O2020-1,PRIMER
E125,C3,61.73333333333333,2026-06-25 11:11:00,O2020-1,PRIMER
E126,C1,68.26666666666667,2026-06-25 11:11:00,O2020-2,PRIMER
E126,C2,68.26666666666667,2026-06-25 11:11:00,O2020-2,PRIMER
E126,C3,68.26666666666667,2026-06-25 11:11:00,O2020-2,PRIMER
E127,C1,80.89452971271153,2026-06-25 11:11:00,O2020-2,PRIMER
E127,C2,80.89452971271153,2026-06-25 11:11:00,O2020-2,PRIMER
E127,C3,80.89452971271153,2026-06-25 11:11:00,O2020-2,PRIMER
E128,C1,77.9391441891442,2026-06-25 11:11:00,O2020-2,PRIMER
E128,C2,77.9391441891442,2026-06-25 11:11:00,O2020-2,PRIMER
E128,C3,77.9391441891442,2026-06-25 11:11:00,O2020-2,PRIMER
E129,C1,85.51747343565525,2026-06-25 11:11:00,O2020-2,PRIMER
E129,C2,85.51747343565525,2026-06-25 11:11:00,O2020-2,PRIMER
E129,C3,85.51747343565525,2026-06-25 11:11:00,O2020-2,PRIMER
E13,C1,72.87098214285714,2026-06-25 11:11:00,O2018-1,PRIMER
E13,C2,72.87098214285714,2026-06-25 11:11:00,O2018-1,PRIMER
E13,C3,72.87098214285714,2026-06-25 11:11:00,O2018-1,PRIMER
E130,C1,64.98333333333333,2026-06-25 11:11:00,O2020-2,PRIMER
E130,C2,64.98333333333333,2026-06-25 11:11:00,O2020-2,PRIMER
E130,C3,64.98333333333333,2026-06-25 11:11:00,O2020-2,PRIMER
E131,C1,78.70715950715952,2026-06-25 11:11:00,O2020-2,PRIMER
E131,C2,78.70715950715952,2026-06-25 11:11:00,O2020-2,PRIMER
E131,C3,78.70715950715952,2026-06-25 11:11:00,O2020-2,PRIMER
E132,C1,79.3,2026-06-25 11:11:00,O2020-2,PRIMER
E132,C2,79.3,2026-06-25 11:11:00,O2020-2,PRIMER
E132,C3,79.3,2026-06-25 11:11:00,O2020-2,PRIMER
E133,C1,81.84826839826839,2026-06-25 11:11:00,O2020-2,PRIMER
E133,C2,81.84826839826839,2026-06-25 11:11:00,O2020-2,PRIMER
E133,C3,81.84826839826839,2026-06-25 11:11:00,O2020-2,PRIMER
E134,C1,74.125,2026-06-25 11:11:00,O2020-2,PRIMER
E134,C2,74.125,2026-06-25 11:11:00,O2020-2,PRIMER
E134,C3,74.125,2026-06-25 11:11:00,O2020-2,PRIMER
E135,C1,75.36709956709957,2026-06-25 11:11:00,O2020-2,PRIMER
E135,C2,75.36709956709957,2026-06-25 11:11:00,O2020-2,PRIMER
E135,C3,75.36709956709957,2026-06-25 11:11:00,O2020-2,PRIMER
E136,C1,73.4,2026-06-25 11:11:00,O2020-2,PRIMER
E136,C2,73.4,2026-06-25 11:11:00,O2020-2,PRIMER
E136,C3,73.4,2026-06-25 11:11:00,O2020-2,PRIMER
E137,C1,78.7,2026-06-25 11:11:00,O2020-2,PRIMER
E137,C2,78.7,2026-06-25 11:11:00,O2020-2,PRIMER
E137,C3,78.7,2026-06-25 11:11:00,O2020-2,PRIMER
E138,C1,64.15,2026-06-25 11:11:00,O2020-2,PRIMER
E138,C2,64.15,2026-06-25 11:11:00,O2020-2,PRIMER
E138,C3,64.15,2026-06-25 11:11:00,O2020-2,PRIMER
E139,C1,62.13333333333334,2026-06-25 11:11:00,O2020-2,PRIMER
E139,C2,62.13333333333334,2026-06-25 11:11:00,O2020-2,PRIMER
E139,C3,62.13333333333334,2026-06-25 11:11:00,O2020-2,PRIMER
E14,C1,76.23784722222223,2026-06-25 11:11:00,O2018-1,PRIMER
E14,C2,76.23784722222223,2026-06-25 11:11:00,O2018-1,PRIMER
E14,C3,76.23784722222223,2026-06-25 11:11:00,O2018-1,PRIMER
E140,C1,67.86666666666666,2026-06-25 11:11:00,O2020-2,PRIMER
E140,C2,67.86666666666666,2026-06-25 11:11:00,O2020-2,PRIMER
E140,C3,67.86666666666666,2026-06-25 11:11:00,O2020-2,PRIMER
E141,C1,67.86666666666667,2026-06-25 11:11:00,O2020-2,PRIMER
E141,C2,67.86666666666667,2026-06-25 11:11:00,O2020-2,PRIMER
E141,C3,67.86666666666667,2026-06-25 11:11:00,O2020-2,PRIMER
E142,C1,62.05,2026-06-25 11:11:00,O2020-2,PRIMER
E142,C2,62.05,2026-06-25 11:11:00,O2020-2,PRIMER
E142,C3,62.05,2026-06-25 11:11:00,O2020-2,PRIMER
E143,C1,80.1448051948052,2026-06-25 11:11:00,O2020-2,PRIMER
E143,C2,80.1448051948052,2026-06-25 11:11:00,O2020-2,PRIMER
E143,C3,80.1448051948052,2026-06-25 11:11:00,O2020-2,PRIMER
E144,C1,76.82083333333333,2026-06-25 11:11:00,O2020-2,PRIMER
E144,C2,76.82083333333333,2026-06-25 11:11:00,O2020-2,PRIMER
E144,C3,76.82083333333333,2026-06-25 11:11:00,O2020-2,PRIMER
E145,C1,67.64999999999999,2026-06-25 11:11:00,O2020-2,PRIMER
E145,C2,67.64999999999999,2026-06-25 11:11:00,O2020-2,PRIMER
E145,C3,67.64999999999999,2026-06-25 11:11:00,O2020-2,PRIMER
E146,C1,72.29523809523809,2026-06-25 11:11:00,O2020-2,PRIMER
E146,C2,72.29523809523809,2026-06-25 11:11:00,O2020-2,PRIMER
E146,C3,72.29523809523809,2026-06-25 11:11:00,O2020-2,PRIMER
E147,C1,83.43239210284665,2026-06-25 11:11:00,O2020-2,PRIMER
E147,C2,83.43239210284665,2026-06-25 11:11:00,O2020-2,PRIMER
E147,C3,83.43239210284665,2026-06-25 11:11:00,O2020-2,PRIMER
E148,C1,83.1698740653286,2026-06-25 11:11:00,O2020-2,PRIMER
E148,C2,83.1698740653286,2026-06-25 11:11:00,O2020-2,PRIMER
E148,C3,83.1698740653286,2026-06-25 11:11:00,O2020-2,PRIMER
E149,C1,69.01666666666667,2026-06-25 11:11:00,O2020-2,PRIMER
E149,C2,69.01666666666667,2026-06-25 11:11:00,O2020-2,PRIMER
E149,C3,69.01666666666667,2026-06-25 11:11:00,O2020-2,PRIMER
E15,C1,59.033333333333324,2026-06-25 11:11:00,O2018-1,PRIMER
E15,C2,59.033333333333324,2026-06-25 11:11:00,O2018-1,PRIMER
E15,C3,59.033333333333324,2026-06-25 11:11:00,O2018-1,PRIMER
E150,C1,72.1,2026-06-25 11:11:00,O2020-2,PRIMER
E150,C2,72.1,2026-06-25 11:11:00,O2020-2,PRIMER
E150,C3,72.1,2026-06-25 11:11:00,O2020-2,PRIMER
E151,C1,81.97228395490427,2026-06-25 11:11:00,O2021-1,PRIMER
E151,C2,81.97228395490427,2026-06-25 11:11:00,O2021-1,PRIMER
E151,C3,81.97228395490427,2026-06-25 11:11:00,O2021-1,PRIMER
E152,C1,81.93203463203464,2026-06-25 11:11:00,O2021-1,PRIMER
E152,C2,81.93203463203464,2026-06-25 11:11:00,O2021-1,PRIMER
E152,C3,81.93203463203464,2026-06-25 11:11:00,O2021-1,PRIMER
E153,C1,80.93154761904762,2026-06-25 11:11:00,O2021-1,PRIMER
E153,C2,80.93154761904762,2026-06-25 11:11:00,O2021-1,PRIMER
E153,C3,80.93154761904762,2026-06-25 11:11:00,O2021-1,PRIMER
E154,C1,70.0,2026-06-25 11:11:00,O2021-1,PRIMER
E154,C2,70.0,2026-06-25 11:11:00,O2021-1,PRIMER
E154,C3,70.0,2026-06-25 11:11:00,O2021-1,PRIMER
E155,C1,71.68452380952381,2026-06-25 11:11:00,O2021-1,PRIMER
E155,C2,71.68452380952381,2026-06-25 11:11:00,O2021-1,PRIMER
E155,C3,71.68452380952381,2026-06-25 11:11:00,O2021-1,PRIMER
E156,C1,69.99891774891775,2026-06-25 11:11:00,O2021-1,PRIMER
E156,C2,69.99891774891775,2026-06-25 11:11:00,O2021-1,PRIMER
E156,C3,69.99891774891775,2026-06-25 11:11:00,O2021-1,PRIMER
E157,C1,65.9,2026-06-25 11:11:00,O2021-1,PRIMER
E157,C2,65.9,2026-06-25 11:11:00,O2021-1,PRIMER
E157,C3,65.9,2026-06-25 11:11:00,O2021-1,PRIMER
E158,C1,79.77445887445887,2026-06-25 11:11:00,O2021-1,PRIMER
E158,C2,79.77445887445887,2026-06-25 11:11:00,O2021-1,PRIMER
E158,C3,79.77445887445887,2026-06-25 11:11:00,O2021-1,PRIMER
E159,C1,69.74,2026-06-25 11:11:01,O2021-1,PRIMER
E159,C2,69.74,2026-06-25 11:11:01,O2021-1,PRIMER
E159,C3,69.74,2026-06-25 11:11:01,O2021-1,PRIMER
E16,C1,62.31666666666668,2026-06-25 11:11:01,O2018-1,PRIMER
E16,C2,62.31666666666668,2026-06-25 11:11:01,O2018-1,PRIMER
E16,C3,62.31666666666668,2026-06-25 11:11:01,O2018-1,PRIMER
E160,C1,78.5,2026-06-25 11:11:01,O2021-1,PRIMER
E160,C2,78.5,2026-06-25 11:11:01,O2021-1,PRIMER
E160,C3,78.5,2026-06-25 11:11:01,O2021-1,PRIMER
E161,C1,80.91763085399448,2026-06-25 11:11:01,O2021-1,PRIMER
E161,C2,80.91763085399448,2026-06-25 11:11:01,O2021-1,PRIMER
E161,C3,80.91763085399448,2026-06-25 11:11:01,O2021-1,PRIMER
E162,C1,75.28409090909092,2026-06-25 11:11:01,O2021-1,PRIMER
E162,C2,75.28409090909092,2026-06-25 11:11:01,O2021-1,PRIMER
E162,C3,75.28409090909092,2026-06-25 11:11:01,O2021-1,PRIMER
E163,C1,78.37316017316017,2026-06-25 11:11:01,O2021-1,PRIMER
E163,C2,78.37316017316017,2026-06-25 11:11:01,O2021-1,PRIMER
E163,C3,78.37316017316017,2026-06-25 11:11:01,O2021-1,PRIMER
E164,C1,76.88125,2026-06-25 11:11:01,O2021-1,PRIMER
E164,C2,76.88125,2026-06-25 11:11:01,O2021-1,PRIMER
E164,C3,76.88125,2026-06-25 11:11:01,O2021-1,PRIMER
E165,C1,82.1,2026-06-25 11:11:01,O2021-1,PRIMER
E165,C2,82.1,2026-06-25 11:11:01,O2021-1,PRIMER
E165,C3,82.1,2026-06-25 11:11:01,O2021-1,PRIMER
E166,C1,75.51401515151514,2026-06-25 11:11:01,O2021-1,PRIMER
E166,C2,75.51401515151514,2026-06-25 11:11:01,O2021-1,PRIMER
E166,C3,75.51401515151514,2026-06-25 11:11:01,O2021-1,PRIMER
E167,C1,65.13333333333334,2026-06-25 11:11:01,O2021-1,PRIMER
E167,C2,65.13333333333334,2026-06-25 11:11:01,O2021-1,PRIMER
E167,C3,65.13333333333334,2026-06-25 11:11:01,O2021-1,PRIMER
E168,C1,59.533333333333324,2026-06-25 11:11:01,O2021-1,PRIMER
E168,C2,59.533333333333324,2026-06-25 11:11:01,O2021-1,PRIMER
E168,C3,59.533333333333324,2026-06-25 11:11:01,O2021-1,PRIMER
E169,C1,62.033333333333324,2026-06-25 11:11:01,O2021-1,PRIMER
E169,C2,62.033333333333324,2026-06-25 11:11:01,O2021-1,PRIMER
E169,C3,62.033333333333324,2026-06-25 11:11:01,O2021-1,PRIMER
E17,C1,67.83333333333333,2026-06-25 11:11:01,O2018-1,PRIMER
E17,C2,67.83333333333333,2026-06-25 11:11:01,O2018-1,PRIMER
E17,C3,67.83333333333333,2026-06-25 11:11:01,O2018-1,PRIMER
E170,C1,79.8840417158599,2026-06-25 11:11:01,O2021-1,PRIMER
E170,C2,79.8840417158599,2026-06-25 11:11:01,O2021-1,PRIMER
E170,C3,79.8840417158599,2026-06-25 11:11:01,O2021-1,PRIMER
E171,C1,66.05,2026-06-25 11:11:01,O2021-1,PRIMER
E171,C2,66.05,2026-06-25 11:11:01,O2021-1,PRIMER
E171,C3,66.05,2026-06-25 11:11:01,O2021-1,PRIMER
E172,C1,61.966666666666676,2026-06-25 11:11:01,O2021-1,PRIMER
E172,C2,61.966666666666676,2026-06-25 11:11:01,O2021-1,PRIMER
E172,C3,61.966666666666676,2026-06-25 11:11:01,O2021-1,PRIMER
E173,C1,74.8504329004329,2026-06-25 11:11:01,O2021-1,PRIMER
E173,C2,74.8504329004329,2026-06-25 11:11:01,O2021-1,PRIMER
E173,C3,74.8504329004329,2026-06-25 11:11:01,O2021-1,PRIMER
E174,C1,85.0,2026-06-25 11:11:01,O2021-1,PRIMER
E174,C2,85.0,2026-06-25 11:11:01,O2021-1,PRIMER
E174,C3,85.0,2026-06-25 11:11:01,O2021-1,PRIMER
E175,C1,71.9125,2026-06-25 11:11:01,O2021-1,PRIMER
E175,C2,71.9125,2026-06-25 11:11:01,O2021-1,PRIMER
E175,C3,71.9125,2026-06-25 11:11:01,O2021-1,PRIMER
E176,C1,83.3,2026-06-25 11:11:01,O2021-2,PRIMER
E176,C2,83.3,2026-06-25 11:11:01,O2021-2,PRIMER
E176,C3,83.3,2026-06-25 11:11:01,O2021-2,PRIMER
E177,C1,70.80656162464986,2026-06-25 11:11:01,O2021-2,PRIMER
E177,C2,70.80656162464986,2026-06-25 11:11:01,O2021-2,PRIMER
E177,C3,70.80656162464986,2026-06-25 11:11:01,O2021-2,PRIMER
E178,C1,78.0,2026-06-25 11:11:01,O2021-2,PRIMER
E178,C2,78.0,2026-06-25 11:11:01,O2021-2,PRIMER
E178,C3,78.0,2026-06-25 11:11:01,O2021-2,PRIMER
E179,C1,66.72,2026-06-25 11:11:01,O2021-2,PRIMER
E179,C2,66.72,2026-06-25 11:11:01,O2021-2,PRIMER
E179,C3,66.72,2026-06-25 11:11:01,O2021-2,PRIMER
E18,C1,72.07333333333334,2026-06-25 11:11:01,O2018-1,PRIMER
E18,C2,72.07333333333334,2026-06-25 11:11:01,O2018-1,PRIMER
E18,C3,72.07333333333334,2026-06-25 11:11:01,O2018-1,PRIMER
E180,C1,63.01666666666667,2026-06-25 11:11:01,O2021-2,PRIMER
E180,C2,63.01666666666667,2026-06-25 11:11:01,O2021-2,PRIMER
E180,C3,63.01666666666667,2026-06-25 11:11:01,O2021-2,PRIMER
E181,C1,67.69,2026-06-25 11:11:01,O2021-2,PRIMER
E181,C2,67.69,2026-06-25 11:11:01,O2021-2,PRIMER
E181,C3,67.69,2026-06-25 11:11:01,O2021-2,PRIMER
E182,C1,67.41666666666667,2026-06-25 11:11:01,O2021-2,PRIMER
E182,C2,67.41666666666667,2026-06-25 11:11:01,O2021-2,PRIMER
E182,C3,67.41666666666667,2026-06-25 11:11:01,O2021-2,PRIMER
E183,C1,59.733333333333334,2026-06-25 11:11:01,O2021-2,PRIMER
E183,C2,59.733333333333334,2026-06-25 11:11:01,O2021-2,PRIMER
E183,C3,59.733333333333334,2026-06-25 11:11:01,O2021-2,PRIMER
E184,C1,77.23084415584414,2026-06-25 11:11:01,O2021-2,PRIMER
E184,C2,77.23084415584414,2026-06-25 11:11:01,O2021-2,PRIMER
E184,C3,77.23084415584414,2026-06-25 11:11:01,O2021-2,PRIMER
E185,C1,80.31410861865407,2026-06-25 11:11:01,O2021-2,PRIMER
E185,C2,80.31410861865407,2026-06-25 11:11:01,O2021-2,PRIMER
E185,C3,80.31410861865407,2026-06-25 11:11:01,O2021-2,PRIMER
E186,C1,79.5,2026-06-25 11:11:01,O2021-2,PRIMER
E186,C2,79.5,2026-06-25 11:11:01,O2021-2,PRIMER
E186,C3,79.5,2026-06-25 11:11:01,O2021-2,PRIMER
E187,C1,65.16666666666667,2026-06-25 11:11:01,O2021-2,PRIMER
E187,C2,65.16666666666667,2026-06-25 11:11:01,O2021-2,PRIMER
E187,C3,65.16666666666667,2026-06-25 11:11:01,O2021-2,PRIMER
E188,C1,82.30108225108225,2026-06-25 11:11:01,O2021-2,PRIMER
E188,C2,82.30108225108225,2026-06-25 11:11:01,O2021-2,PRIMER
E188,C3,82.30108225108225,2026-06-25 11:11:01,O2021-2,PRIMER
E189,C1,83.73264462809918,2026-06-25 11:11:01,O2021-2,PRIMER
E189,C2,83.73264462809918,2026-06-25 11:11:01,O2021-2,PRIMER
E189,C3,83.73264462809918,2026-06-25 11:11:01,O2021-2,PRIMER
E19,C1,78.38779137529137,2026-06-25 11:11:01,O2018-1,PRIMER
E19,C2,78.38779137529137,2026-06-25 11:11:01,O2018-1,PRIMER
E19,C3,78.38779137529137,2026-06-25 11:11:01,O2018-1,PRIMER
E190,C1,76.55539157811886,2026-06-25 11:11:01,O2021-2,PRIMER
E190,C2,76.55539157811886,2026-06-25 11:11:01,O2021-2,PRIMER
E190,C3,76.55539157811886,2026-06-25 11:11:01,O2021-2,PRIMER
E191,C1,81.29705332546241,2026-06-25 11:11:01,O2021-2,PRIMER
E191,C2,81.29705332546241,2026-06-25 11:11:01,O2021-2,PRIMER
E191,C3,81.29705332546241,2026-06-25 11:11:01,O2021-2,PRIMER
E192,C1,72.02222222222223,2026-06-25 11:11:01,O2021-2,PRIMER
E192,C2,72.02222222222223,2026-06-25 11:11:01,O2021-2,PRIMER
E192,C3,72.02222222222223,2026-06-25 11:11:01,O2021-2,PRIMER
E193,C1,67.53333333333333,2026-06-25 11:11:01,O2021-2,PRIMER
E193,C2,67.53333333333333,2026-06-25 11:11:01,O2021-2,PRIMER
E193,C3,67.53333333333333,2026-06-25 11:11:01,O2021-2,PRIMER
E194,C1,59.616666666666674,2026-06-25 11:11:01,O2021-2,PRIMER
E194,C2,59.616666666666674,2026-06-25 11:11:01,O2021-2,PRIMER
E194,C3,59.616666666666674,2026-06-25 11:11:01,O2021-2,PRIMER
E195,C1,66.28333333333333,2026-06-25 11:11:01,O2021-2,PRIMER
E195,C2,66.28333333333333,2026-06-25 11:11:01,O2021-2,PRIMER
E195,C3,66.28333333333333,2026-06-25 11:11:01,O2021-2,PRIMER
E196,C1,83.22749264995254,2026-06-25 11:11:01,O2021-2,PRIMER
E196,C2,83.22749264995254,2026-06-25 11:11:01,O2021-2,PRIMER
E196,C3,83.22749264995254,2026-06-25 11:11:01,O2021-2,PRIMER
E197,C1,61.216666666666676,2026-06-25 11:11:01,O2021-2,PRIMER
E197,C2,61.216666666666676,2026-06-25 11:11:01,O2021-2,PRIMER
E197,C3,61.216666666666676,2026-06-25 11:11:01,O2021-2,PRIMER
E198,C1,78.77402597402597,2026-06-25 11:11:01,O2021-2,PRIMER
E198,C2,78.77402597402597,2026-06-25 11:11:01,O2021-2,PRIMER
E198,C3,78.77402597402597,2026-06-25 11:11:01,O2021-2,PRIMER
E199,C1,76.73910984848484,2026-06-25 11:11:01,O2021-2,PRIMER
E199,C2,76.73910984848484,2026-06-25 11:11:01,O2021-2,PRIMER
E199,C3,76.73910984848484,2026-06-25 11:11:01,O2021-2,PRIMER
E2,C1,81.0,2026-06-25 11:11:01,O2018-1,PRIMER
E2,C2,81.0,2026-06-25 11:11:01,O2018-1,PRIMER
E2,C3,81.0,2026-06-25 11:11:01,O2018-1,PRIMER
E20,C1,64.53333333333333,2026-06-25 11:11:01,O2018-1,PRIMER
E20,C2,64.53333333333333,2026-06-25 11:11:01,O2018-1,PRIMER
E20,C3,64.53333333333333,2026-06-25 11:11:01,O2018-1,PRIMER
E200,C1,82.40677882723338,2026-06-25 11:11:01,O2021-2,PRIMER
E200,C2,82.40677882723338,2026-06-25 11:11:01,O2021-2,PRIMER
E200,C3,82.40677882723338,2026-06-25 11:11:01,O2021-2,PRIMER
E201,C1,72.41934046345813,2026-06-25 11:11:01,O2022-1,PRIMER
E201,C2,72.41934046345813,2026-06-25 11:11:01,O2022-1,PRIMER
E201,C3,72.41934046345813,2026-06-25 11:11:01,O2022-1,PRIMER
E202,C1,73.5037037037037,2026-06-25 11:11:01,O2022-1,PRIMER
E202,C2,73.5037037037037,2026-06-25 11:11:01,O2022-1,PRIMER
E202,C3,73.5037037037037,2026-06-25 11:11:01,O2022-1,PRIMER
E203,C1,76.9,2026-06-25 11:11:01,O2022-1,PRIMER
E203,C2,76.9,2026-06-25 11:11:01,O2022-1,PRIMER
E203,C3,76.9,2026-06-25 11:11:01,O2022-1,PRIMER
E204,C1,63.06666666666668,2026-06-25 11:11:01,O2022-1,PRIMER
E204,C2,63.06666666666668,2026-06-25 11:11:01,O2022-1,PRIMER
E204,C3,63.06666666666668,2026-06-25 11:11:01,O2022-1,PRIMER
E205,C1,83.38616071428572,2026-06-25 11:11:01,O2022-1,PRIMER
E205,C2,83.38616071428572,2026-06-25 11:11:01,O2022-1,PRIMER
E205,C3,83.38616071428572,2026-06-25 11:11:01,O2022-1,PRIMER
E206,C1,73.62633547008548,2026-06-25 11:11:01,O2022-1,PRIMER
E206,C2,73.62633547008548,2026-06-25 11:11:01,O2022-1,PRIMER
E206,C3,73.62633547008548,2026-06-25 11:11:01,O2022-1,PRIMER
E207,C1,71.6720467032967,2026-06-25 11:11:01,O2022-1,PRIMER
E207,C2,71.6720467032967,2026-06-25 11:11:01,O2022-1,PRIMER
E207,C3,71.6720467032967,2026-06-25 11:11:01,O2022-1,PRIMER
E208,C1,76.49488795518207,2026-06-25 11:11:01,O2022-1,PRIMER
E208,C2,76.49488795518207,2026-06-25 11:11:01,O2022-1,PRIMER
E208,C3,76.49488795518207,2026-06-25 11:11:01,O2022-1,PRIMER
E209,C1,75.8491532976827,2026-06-25 11:11:01,O2022-1,PRIMER
E209,C2,75.8491532976827,2026-06-25 11:11:01,O2022-1,PRIMER
E209,C3,75.8491532976827,2026-06-25 11:11:01,O2022-1,PRIMER
E21,C1,79.34270833333333,2026-06-25 11:11:01,O2018-1,PRIMER
E21,C2,79.34270833333333,2026-06-25 11:11:01,O2018-1,PRIMER
E21,C3,79.34270833333333,2026-06-25 11:11:01,O2018-1,PRIMER
E210,C1,78.48195823784059,2026-06-25 11:11:01,O2022-1,PRIMER
E210,C2,78.48195823784059,2026-06-25 11:11:01,O2022-1,PRIMER
E210,C3,78.48195823784059,2026-06-25 11:11:01,O2022-1,PRIMER
E211,C1,84.01733569460842,2026-06-25 11:11:01,O2022-1,PRIMER
E211,C2,84.01733569460842,2026-06-25 11:11:01,O2022-1,PRIMER
E211,C3,84.01733569460842,2026-06-25 11:11:01,O2022-1,PRIMER
E212,C1,69.9,2026-06-25 11:11:01,O2022-1,PRIMER
E212,C2,69.9,2026-06-25 11:11:01,O2022-1,PRIMER
E212,C3,69.9,2026-06-25 11:11:01,O2022-1,PRIMER
E213,C1,75.2704761904762,2026-06-25 11:11:01,O2022-1,PRIMER
E213,C2,75.2704761904762,2026-06-25 11:11:01,O2022-1,PRIMER
E213,C3,75.2704761904762,2026-06-25 11:11:01,O2022-1,PRIMER
E214,C1,64.6,2026-06-25 11:11:01,O2022-1,PRIMER
E214,C2,64.6,2026-06-25 11:11:01,O2022-1,PRIMER
E214,C3,64.6,2026-06-25 11:11:01,O2022-1,PRIMER
E215,C1,66.68333333333332,2026-06-25 11:11:01,O2022-1,PRIMER
E215,C2,66.68333333333332,2026-06-25 11:11:01,O2022-1,PRIMER
E215,C3,66.68333333333332,2026-06-25 11:11:01,O2022-1,PRIMER
E216,C1,65.6,2026-06-25 11:11:01,O2022-1,PRIMER
E216,C2,65.6,2026-06-25 11:11:01,O2022-1,PRIMER
E216,C3,65.6,2026-06-25 11:11:01,O2022-1,PRIMER
E217,C1,70.53333333333333,2026-06-25 11:11:01,O2022-1,PRIMER
E217,C2,70.53333333333333,2026-06-25 11:11:01,O2022-1,PRIMER
E217,C3,70.53333333333333,2026-06-25 11:11:01,O2022-1,PRIMER
E218,C1,75.03511689291102,2026-06-25 11:11:01,O2022-1,PRIMER
E218,C2,75.03511689291102,2026-06-25 11:11:01,O2022-1,PRIMER
E218,C3,75.03511689291102,2026-06-25 11:11:01,O2022-1,PRIMER
E219,C1,61.51666666666667,2026-06-25 11:11:01,O2022-1,PRIMER
E219,C2,61.51666666666667,2026-06-25 11:11:01,O2022-1,PRIMER
E219,C3,61.51666666666667,2026-06-25 11:11:01,O2022-1,PRIMER
E22,C1,60.68333333333332,2026-06-25 11:11:01,O2018-1,PRIMER
E22,C2,60.68333333333332,2026-06-25 11:11:01,O2018-1,PRIMER
E22,C3,60.68333333333332,2026-06-25 11:11:01,O2018-1,PRIMER
E220,C1,65.83333333333333,2026-06-25 11:11:01,O2022-1,PRIMER
E220,C2,65.83333333333333,2026-06-25 11:11:01,O2022-1,PRIMER
E220,C3,65.83333333333333,2026-06-25 11:11:01,O2022-1,PRIMER
E221,C1,64.03333333333333,2026-06-25 11:11:01,O2022-1,PRIMER
E221,C2,64.03333333333333,2026-06-25 11:11:01,O2022-1,PRIMER
E221,C3,64.03333333333333,2026-06-25 11:11:01,O2022-1,PRIMER
E222,C1,80.16964285714286,2026-06-25 11:11:01,O2022-1,PRIMER
E222,C2,80.16964285714286,2026-06-25 11:11:01,O2022-1,PRIMER
E222,C3,80.16964285714286,2026-06-25 11:11:01,O2022-1,PRIMER
E223,C1,83.83351042896497,2026-06-25 11:11:01,O2022-1,PRIMER
E223,C2,83.83351042896497,2026-06-25 11:11:01,O2022-1,PRIMER
E223,C3,83.83351042896497,2026-06-25 11:11:01,O2022-1,PRIMER
E224,C1,65.06666666666666,2026-06-25 11:11:01,O2022-1,PRIMER
E224,C2,65.06666666666666,2026-06-25 11:11:01,O2022-1,PRIMER
E224,C3,65.06666666666666,2026-06-25 11:11:01,O2022-1,PRIMER
E225,C1,72.98666666666666,2026-06-25 11:11:01,O2022-1,PRIMER
E225,C2,72.98666666666666,2026-06-25 11:11:01,O2022-1,PRIMER
E225,C3,72.98666666666666,2026-06-25 11:11:01,O2022-1,PRIMER
E226,C1,80.39390003935459,2026-06-25 11:11:01,O2022-2,PRIMER
E226,C2,80.39390003935459,2026-06-25 11:11:01,O2022-2,PRIMER
E226,C3,80.39390003935459,2026-06-25 11:11:01,O2022-2,PRIMER
E227,C1,65.88333333333334,2026-06-25 11:11:01,O2022-2,PRIMER
E227,C2,65.88333333333334,2026-06-25 11:11:01,O2022-2,PRIMER
E227,C3,65.88333333333334,2026-06-25 11:11:01,O2022-2,PRIMER
E228,C1,73.07277466542172,2026-06-25 11:11:01,O2022-2,PRIMER
E228,C2,73.07277466542172,2026-06-25 11:11:01,O2022-2,PRIMER
E228,C3,73.07277466542172,2026-06-25 11:11:01,O2022-2,PRIMER
E229,C1,76.11347662141779,2026-06-25 11:11:01,O2022-2,PRIMER
E229,C2,76.11347662141779,2026-06-25 11:11:01,O2022-2,PRIMER
E229,C3,76.11347662141779,2026-06-25 11:11:01,O2022-2,PRIMER
E23,C1,80.68138528138527,2026-06-25 11:11:01,O2018-1,PRIMER
E23,C2,80.68138528138527,2026-06-25 11:11:01,O2018-1,PRIMER
E23,C3,80.68138528138527,2026-06-25 11:11:01,O2018-1,PRIMER
E230,C1,81.49393939393939,2026-06-25 11:11:01,O2022-2,PRIMER
E230,C2,81.49393939393939,2026-06-25 11:11:01,O2022-2,PRIMER
E230,C3,81.49393939393939,2026-06-25 11:11:01,O2022-2,PRIMER
E231,C1,82.51534828807556,2026-06-25 11:11:01,O2022-2,PRIMER
E231,C2,82.51534828807556,2026-06-25 11:11:01,O2022-2,PRIMER
E231,C3,82.51534828807556,2026-06-25 11:11:01,O2022-2,PRIMER
E232,C1,83.9973829201102,2026-06-25 11:11:01,O2022-2,PRIMER
E232,C2,83.9973829201102,2026-06-25 11:11:01,O2022-2,PRIMER
E232,C3,83.9973829201102,2026-06-25 11:11:01,O2022-2,PRIMER
E233,C1,79.19421487603306,2026-06-25 11:11:01,O2022-2,PRIMER
E233,C2,79.19421487603306,2026-06-25 11:11:01,O2022-2,PRIMER
E233,C3,79.19421487603306,2026-06-25 11:11:01,O2022-2,PRIMER
E234,C1,59.43333333333332,2026-06-25 11:11:01,O2022-2,PRIMER
E234,C2,59.43333333333332,2026-06-25 11:11:01,O2022-2,PRIMER
E234,C3,59.43333333333332,2026-06-25 11:11:01,O2022-2,PRIMER
E235,C1,77.18870523415978,2026-06-25 11:11:01,O2022-2,PRIMER
E235,C2,77.18870523415978,2026-06-25 11:11:01,O2022-2,PRIMER
E235,C3,77.18870523415978,2026-06-25 11:11:01,O2022-2,PRIMER
E236,C1,65.38333333333334,2026-06-25 11:11:01,O2022-2,PRIMER
E236,C2,65.38333333333334,2026-06-25 11:11:01,O2022-2,PRIMER
E236,C3,65.38333333333334,2026-06-25 11:11:01,O2022-2,PRIMER
E237,C1,68.82670454545453,2026-06-25 11:11:01,O2022-2,PRIMER
E237,C2,68.82670454545453,2026-06-25 11:11:01,O2022-2,PRIMER
E237,C3,68.82670454545453,2026-06-25 11:11:01,O2022-2,PRIMER
E238,C1,68.85648148148148,2026-06-25 11:11:01,O2022-2,PRIMER
E238,C2,68.85648148148148,2026-06-25 11:11:01,O2022-2,PRIMER
E238,C3,68.85648148148148,2026-06-25 11:11:01,O2022-2,PRIMER
E239,C1,66.21666666666667,2026-06-25 11:11:01,O2022-2,PRIMER
E239,C2,66.21666666666667,2026-06-25 11:11:01,O2022-2,PRIMER
E239,C3,66.21666666666667,2026-06-25 11:11:01,O2022-2,PRIMER
E24,C1,75.86152973586128,2026-06-25 11:11:02,O2018-1,PRIMER
E24,C2,75.86152973586128,2026-06-25 11:11:02,O2018-1,PRIMER
E24,C3,75.86152973586128,2026-06-25 11:11:02,O2018-1,PRIMER
E240,C1,78.9556277056277,2026-06-25 11:11:02,O2022-2,PRIMER
E240,C2,78.9556277056277,2026-06-25 11:11:02,O2022-2,PRIMER
E240,C3,78.9556277056277,2026-06-25 11:11:02,O2022-2,PRIMER
E241,C1,82.26573426573427,2026-06-25 11:11:02,O2022-2,PRIMER
E241,C2,82.26573426573427,2026-06-25 11:11:02,O2022-2,PRIMER
E241,C3,82.26573426573427,2026-06-25 11:11:02,O2022-2,PRIMER
E242,C1,70.12,2026-06-25 11:11:02,O2022-2,PRIMER
E242,C2,70.12,2026-06-25 11:11:02,O2022-2,PRIMER
E242,C3,70.12,2026-06-25 11:11:02,O2022-2,PRIMER
E243,C1,75.50694444444444,2026-06-25 11:11:02,O2022-2,PRIMER
E243,C2,75.50694444444444,2026-06-25 11:11:02,O2022-2,PRIMER
E243,C3,75.50694444444444,2026-06-25 11:11:02,O2022-2,PRIMER
E244,C1,82.3771546635183,2026-06-25 11:11:02,O2022-2,PRIMER
E244,C2,82.3771546635183,2026-06-25 11:11:02,O2022-2,PRIMER
E244,C3,82.3771546635183,2026-06-25 11:11:02,O2022-2,PRIMER
E245,C1,79.47727272727273,2026-06-25 11:11:02,O2022-2,PRIMER
E245,C2,79.47727272727273,2026-06-25 11:11:02,O2022-2,PRIMER
E245,C3,79.47727272727273,2026-06-25 11:11:02,O2022-2,PRIMER
E246,C1,69.38333333333334,2026-06-25 11:11:02,O2022-2,PRIMER
E246,C2,69.38333333333334,2026-06-25 11:11:02,O2022-2,PRIMER
E246,C3,69.38333333333334,2026-06-25 11:11:02,O2022-2,PRIMER
E247,C1,73.97619047619048,2026-06-25 11:11:02,O2022-2,PRIMER
E247,C2,73.97619047619048,2026-06-25 11:11:02,O2022-2,PRIMER
E247,C3,73.97619047619048,2026-06-25 11:11:02,O2022-2,PRIMER
E248,C1,72.41547619047618,2026-06-25 11:11:02,O2022-2,PRIMER
E248,C2,72.41547619047618,2026-06-25 11:11:02,O2022-2,PRIMER
E248,C3,72.41547619047618,2026-06-25 11:11:02,O2022-2,PRIMER
E249,C1,74.37622807017544,2026-06-25 11:11:02,O2022-2,PRIMER
E249,C2,74.37622807017544,2026-06-25 11:11:02,O2022-2,PRIMER
E249,C3,74.37622807017544,2026-06-25 11:11:02,O2022-2,PRIMER
E25,C1,86.8,2026-06-25 11:11:02,O2018-1,PRIMER
E25,C2,86.8,2026-06-25 11:11:02,O2018-1,PRIMER
E25,C3,86.8,2026-06-25 11:11:02,O2018-1,PRIMER
E250,C1,67.05,2026-06-25 11:11:02,O2022-2,PRIMER
E250,C2,67.05,2026-06-25 11:11:02,O2022-2,PRIMER
E250,C3,67.05,2026-06-25 11:11:02,O2022-2,PRIMER
E251,C1,79.15,2026-06-25 11:11:02,O2023-1,PRIMER
E251,C2,79.15,2026-06-25 11:11:02,O2023-1,PRIMER
E251,C3,79.15,2026-06-25 11:11:02,O2023-1,PRIMER
E252,C1,81.3469696969697,2026-06-25 11:11:02,O2023-1,PRIMER
E252,C2,81.3469696969697,2026-06-25 11:11:02,O2023-1,PRIMER
E252,C3,81.3469696969697,2026-06-25 11:11:02,O2023-1,PRIMER
E253,C1,74.75559625559626,2026-06-25 11:11:02,O2023-1,PRIMER
E253,C2,74.75559625559626,2026-06-25 11:11:02,O2023-1,PRIMER
E253,C3,74.75559625559626,2026-06-25 11:11:02,O2023-1,PRIMER
E254,C1,79.06839826839827,2026-06-25 11:11:02,O2023-1,PRIMER
E254,C2,79.06839826839827,2026-06-25 11:11:02,O2023-1,PRIMER
E254,C3,79.06839826839827,2026-06-25 11:11:02,O2023-1,PRIMER
E255,C1,84.84757575757575,2026-06-25 11:11:02,O2023-1,PRIMER
E255,C2,84.84757575757575,2026-06-25 11:11:02,O2023-1,PRIMER
E255,C3,84.84757575757575,2026-06-25 11:11:02,O2023-1,PRIMER
E256,C1,66.73333333333332,2026-06-25 11:11:02,O2023-1,PRIMER
E256,C2,66.73333333333332,2026-06-25 11:11:02,O2023-1,PRIMER
E256,C3,66.73333333333332,2026-06-25 11:11:02,O2023-1,PRIMER
E257,C1,79.1383597883598,2026-06-25 11:11:02,O2023-1,PRIMER
E257,C2,79.1383597883598,2026-06-25 11:11:02,O2023-1,PRIMER
E257,C3,79.1383597883598,2026-06-25 11:11:02,O2023-1,PRIMER
E258,C1,65.38666666666667,2026-06-25 11:11:02,O2023-1,PRIMER
E258,C2,65.38666666666667,2026-06-25 11:11:02,O2023-1,PRIMER
E258,C3,65.38666666666667,2026-06-25 11:11:02,O2023-1,PRIMER
E259,C1,71.6,2026-06-25 11:11:02,O2023-1,PRIMER
E259,C2,71.6,2026-06-25 11:11:02,O2023-1,PRIMER
E259,C3,71.6,2026-06-25 11:11:02,O2023-1,PRIMER
E26,C1,57.9,2026-06-25 11:11:02,O2018-2,PRIMER
E26,C2,57.9,2026-06-25 11:11:02,O2018-2,PRIMER
E26,C3,57.9,2026-06-25 11:11:02,O2018-2,PRIMER
E260,C1,76.51759259259259,2026-06-25 11:11:02,O2023-1,PRIMER
E260,C2,76.51759259259259,2026-06-25 11:11:02,O2023-1,PRIMER
E260,C3,76.51759259259259,2026-06-25 11:11:02,O2023-1,PRIMER
E261,C1,60.7,2026-06-25 11:11:02,O2023-1,PRIMER
E261,C2,60.7,2026-06-25 11:11:02,O2023-1,PRIMER
E261,C3,60.7,2026-06-25 11:11:02,O2023-1,PRIMER
E262,C1,71.11805555555556,2026-06-25 11:11:02,O2023-1,PRIMER
E262,C2,71.11805555555556,2026-06-25 11:11:02,O2023-1,PRIMER
E262,C3,71.11805555555556,2026-06-25 11:11:02,O2023-1,PRIMER
E263,C1,63.41666666666667,2026-06-25 11:11:02,O2023-1,PRIMER
E263,C2,63.41666666666667,2026-06-25 11:11:02,O2023-1,PRIMER
E263,C3,63.41666666666667,2026-06-25 11:11:02,O2023-1,PRIMER
E264,C1,85.5,2026-06-25 11:11:02,O2023-1,PRIMER
E264,C2,85.5,2026-06-25 11:11:02,O2023-1,PRIMER
E264,C3,85.5,2026-06-25 11:11:02,O2023-1,PRIMER
E265,C1,69.7878787878788,2026-06-25 11:11:02,O2023-1,PRIMER
E265,C2,69.7878787878788,2026-06-25 11:11:02,O2023-1,PRIMER
E265,C3,69.7878787878788,2026-06-25 11:11:02,O2023-1,PRIMER
E266,C1,65.83333333333334,2026-06-25 11:11:02,O2023-1,PRIMER
E266,C2,65.83333333333334,2026-06-25 11:11:02,O2023-1,PRIMER
E266,C3,65.83333333333334,2026-06-25 11:11:02,O2023-1,PRIMER
E267,C1,69.76785714285714,2026-06-25 11:11:02,O2023-1,PRIMER
E267,C2,69.76785714285714,2026-06-25 11:11:02,O2023-1,PRIMER
E267,C3,69.76785714285714,2026-06-25 11:11:02,O2023-1,PRIMER
E268,C1,70.22905844155844,2026-06-25 11:11:02,O2023-1,PRIMER
E268,C2,70.22905844155844,2026-06-25 11:11:02,O2023-1,PRIMER
E268,C3,70.22905844155844,2026-06-25 11:11:02,O2023-1,PRIMER
E269,C1,77.63071895424837,2026-06-25 11:11:02,O2023-1,PRIMER
E269,C2,77.63071895424837,2026-06-25 11:11:02,O2023-1,PRIMER
E269,C3,77.63071895424837,2026-06-25 11:11:02,O2023-1,PRIMER
E27,C1,62.23333333333333,2026-06-25 11:11:02,O2018-2,PRIMER
E27,C2,62.23333333333333,2026-06-25 11:11:02,O2018-2,PRIMER
E27,C3,62.23333333333333,2026-06-25 11:11:02,O2018-2,PRIMER
E270,C1,79.0,2026-06-25 11:11:02,O2023-1,PRIMER
E270,C2,79.0,2026-06-25 11:11:02,O2023-1,PRIMER
E270,C3,79.0,2026-06-25 11:11:02,O2023-1,PRIMER
E271,C1,82.9,2026-06-25 11:11:02,O2023-1,PRIMER
E271,C2,82.9,2026-06-25 11:11:02,O2023-1,PRIMER
E271,C3,82.9,2026-06-25 11:11:02,O2023-1,PRIMER
E272,C1,84.34500000000001,2026-06-25 11:11:02,O2023-1,PRIMER
E272,C2,84.34500000000001,2026-06-25 11:11:02,O2023-1,PRIMER
E272,C3,84.34500000000001,2026-06-25 11:11:02,O2023-1,PRIMER
E273,C1,77.8,2026-06-25 11:11:02,O2023-1,PRIMER
E273,C2,77.8,2026-06-25 11:11:02,O2023-1,PRIMER
E273,C3,77.8,2026-06-25 11:11:02,O2023-1,PRIMER
E274,C1,72.41269841269842,2026-06-25 11:11:02,O2023-1,PRIMER
E274,C2,72.41269841269842,2026-06-25 11:11:02,O2023-1,PRIMER
E274,C3,72.41269841269842,2026-06-25 11:11:02,O2023-1,PRIMER
E275,C1,77.32723063973064,2026-06-25 11:11:02,O2023-1,PRIMER
E275,C2,77.32723063973064,2026-06-25 11:11:02,O2023-1,PRIMER
E275,C3,77.32723063973064,2026-06-25 11:11:02,O2023-1,PRIMER
E276,C1,72.16499999999999,2026-06-25 11:11:02,O2023-2,PRIMER
E276,C2,72.16499999999999,2026-06-25 11:11:02,O2023-2,PRIMER
E276,C3,72.16499999999999,2026-06-25 11:11:02,O2023-2,PRIMER
E277,C1,66.58333333333334,2026-06-25 11:11:02,O2023-2,PRIMER
E277,C2,66.58333333333334,2026-06-25 11:11:02,O2023-2,PRIMER
E277,C3,66.58333333333334,2026-06-25 11:11:02,O2023-2,PRIMER
E278,C1,74.5,2026-06-25 11:11:02,O2023-2,PRIMER
E278,C2,74.5,2026-06-25 11:11:02,O2023-2,PRIMER
E278,C3,74.5,2026-06-25 11:11:02,O2023-2,PRIMER
E279,C1,81.88974358974359,2026-06-25 11:11:02,O2023-2,PRIMER
E279,C2,81.88974358974359,2026-06-25 11:11:02,O2023-2,PRIMER
E279,C3,81.88974358974359,2026-06-25 11:11:02,O2023-2,PRIMER
E28,C1,72.4,2026-06-25 11:11:02,O2018-2,PRIMER
E28,C2,72.4,2026-06-25 11:11:02,O2018-2,PRIMER
E28,C3,72.4,2026-06-25 11:11:02,O2018-2,PRIMER
E280,C1,74.86666666666666,2026-06-25 11:11:02,O2023-2,PRIMER
E280,C2,74.86666666666666,2026-06-25 11:11:02,O2023-2,PRIMER
E280,C3,74.86666666666666,2026-06-25 11:11:02,O2023-2,PRIMER
E281,C1,74.04641654641654,2026-06-25 11:11:02,O2023-2,PRIMER
E281,C2,74.04641654641654,2026-06-25 11:11:02,O2023-2,PRIMER
E281,C3,74.04641654641654,2026-06-25 11:11:02,O2023-2,PRIMER
E282,C1,75.50384615384615,2026-06-25 11:11:02,O2023-2,PRIMER
E282,C2,75.50384615384615,2026-06-25 11:11:02,O2023-2,PRIMER
E282,C3,75.50384615384615,2026-06-25 11:11:02,O2023-2,PRIMER
E283,C1,75.58196248196248,2026-06-25 11:11:02,O2023-2,PRIMER
E283,C2,75.58196248196248,2026-06-25 11:11:02,O2023-2,PRIMER
E283,C3,75.58196248196248,2026-06-25 11:11:02,O2023-2,PRIMER
E284,C1,68.25,2026-06-25 11:11:02,O2023-2,PRIMER
E284,C2,68.25,2026-06-25 11:11:02,O2023-2,PRIMER
E284,C3,68.25,2026-06-25 11:11:02,O2023-2,PRIMER
E285,C1,68.81190476190476,2026-06-25 11:11:02,O2023-2,PRIMER
E285,C2,68.81190476190476,2026-06-25 11:11:02,O2023-2,PRIMER
E285,C3,68.81190476190476,2026-06-25 11:11:02,O2023-2,PRIMER
E286,C1,66.08333333333333,2026-06-25 11:11:02,O2023-2,PRIMER
E286,C2,66.08333333333333,2026-06-25 11:11:02,O2023-2,PRIMER
E286,C3,66.08333333333333,2026-06-25 11:11:02,O2023-2,PRIMER
E287,C1,79.32150997150998,2026-06-25 11:11:02,O2023-2,PRIMER
E287,C2,79.32150997150998,2026-06-25 11:11:02,O2023-2,PRIMER
E287,C3,79.32150997150998,2026-06-25 11:11:02,O2023-2,PRIMER
E288,C1,84.87723214285714,2026-06-25 11:11:02,O2023-2,PRIMER
E288,C2,84.87723214285714,2026-06-25 11:11:02,O2023-2,PRIMER
E288,C3,84.87723214285714,2026-06-25 11:11:02,O2023-2,PRIMER
E289,C1,82.28688163688163,2026-06-25 11:11:02,O2023-2,PRIMER
E289,C2,82.28688163688163,2026-06-25 11:11:02,O2023-2,PRIMER
E289,C3,82.28688163688163,2026-06-25 11:11:02,O2023-2,PRIMER
E29,C1,86.0,2026-06-25 11:11:02,O2018-2,PRIMER
E29,C2,86.0,2026-06-25 11:11:02,O2018-2,PRIMER
E29,C3,86.0,2026-06-25 11:11:02,O2018-2,PRIMER
E290,C1,63.85,2026-06-25 11:11:02,O2023-2,PRIMER
E290,C2,63.85,2026-06-25 11:11:02,O2023-2,PRIMER
E290,C3,63.85,2026-06-25 11:11:02,O2023-2,PRIMER
E291,C1,67.41999999999999,2026-06-25 11:11:02,O2023-2,PRIMER
E291,C2,67.41999999999999,2026-06-25 11:11:02,O2023-2,PRIMER
E291,C3,67.41999999999999,2026-06-25 11:11:02,O2023-2,PRIMER
E292,C1,82.81797461797461,2026-06-25 11:11:02,O2023-2,PRIMER
E292,C2,82.81797461797461,2026-06-25 11:11:02,O2023-2,PRIMER
E292,C3,82.81797461797461,2026-06-25 11:11:02,O2023-2,PRIMER
E293,C1,62.966666666666676,2026-06-25 11:11:02,O2023-2,PRIMER
E293,C2,62.966666666666676,2026-06-25 11:11:02,O2023-2,PRIMER
E293,C3,62.966666666666676,2026-06-25 11:11:02,O2023-2,PRIMER
E294,C1,76.86979166666666,2026-06-25 11:11:02,O2023-2,PRIMER
E294,C2,76.86979166666666,2026-06-25 11:11:02,O2023-2,PRIMER
E294,C3,76.86979166666666,2026-06-25 11:11:02,O2023-2,PRIMER
E295,C1,69.0,2026-06-25 11:11:02,O2023-2,PRIMER
E295,C2,69.0,2026-06-25 11:11:02,O2023-2,PRIMER
E295,C3,69.0,2026-06-25 11:11:02,O2023-2,PRIMER
E296,C1,85.651813001813,2026-06-25 11:11:02,O2023-2,PRIMER
E296,C2,85.651813001813,2026-06-25 11:11:02,O2023-2,PRIMER
E296,C3,85.651813001813,2026-06-25 11:11:02,O2023-2,PRIMER
E297,C1,85.9840973840974,2026-06-25 11:11:02,O2023-2,PRIMER
E297,C2,85.9840973840974,2026-06-25 11:11:02,O2023-2,PRIMER
E297,C3,85.9840973840974,2026-06-25 11:11:02,O2023-2,PRIMER
E298,C1,69.7,2026-06-25 11:11:02,O2023-2,PRIMER
E298,C2,69.7,2026-06-25 11:11:02,O2023-2,PRIMER
E298,C3,69.7,2026-06-25 11:11:02,O2023-2,PRIMER
E299,C1,72.93333333333334,2026-06-25 11:11:02,O2023-2,PRIMER
E299,C2,72.93333333333334,2026-06-25 11:11:02,O2023-2,PRIMER
E299,C3,72.93333333333334,2026-06-25 11:11:02,O2023-2,PRIMER
E3,C1,70.89333333333335,2026-06-25 11:11:02,O2018-1,PRIMER
E3,C2,70.89333333333335,2026-06-25 11:11:02,O2018-1,PRIMER
E3,C3,70.89333333333335,2026-06-25 11:11:02,O2018-1,PRIMER
E30,C1,84.42470975993703,2026-06-25 11:11:02,O2018-2,PRIMER
E30,C2,84.42470975993703,2026-06-25 11:11:02,O2018-2,PRIMER
E30,C3,84.42470975993703,2026-06-25 11:11:02,O2018-2,PRIMER
E300,C1,80.28333333333333,2026-06-25 11:11:02,O2023-2,PRIMER
E300,C2,80.28333333333333,2026-06-25 11:11:02,O2023-2,PRIMER
E300,C3,80.28333333333333,2026-06-25 11:11:02,O2023-2,PRIMER
E301,C1,73.11363636363636,2026-06-25 11:11:02,O2024-1,PRIMER
E301,C2,73.11363636363636,2026-06-25 11:11:02,O2024-1,PRIMER
E301,C3,73.11363636363636,2026-06-25 11:11:02,O2024-1,PRIMER
E302,C1,66.00962846677133,2026-06-25 11:11:02,O2024-1,PRIMER
E302,C2,66.00962846677133,2026-06-25 11:11:02,O2024-1,PRIMER
E302,C3,66.00962846677133,2026-06-25 11:11:02,O2024-1,PRIMER
E303,C1,74.72063492063492,2026-06-25 11:11:02,O2024-1,PRIMER
E303,C2,74.72063492063492,2026-06-25 11:11:02,O2024-1,PRIMER
E303,C3,74.72063492063492,2026-06-25 11:11:02,O2024-1,PRIMER
E304,C1,65.26666666666668,2026-06-25 11:11:02,O2024-1,PRIMER
E304,C2,65.26666666666668,2026-06-25 11:11:02,O2024-1,PRIMER
E304,C3,65.26666666666668,2026-06-25 11:11:02,O2024-1,PRIMER
E305,C1,61.6,2026-06-25 11:11:02,O2024-1,PRIMER
E305,C2,61.6,2026-06-25 11:11:02,O2024-1,PRIMER
E305,C3,61.6,2026-06-25 11:11:02,O2024-1,PRIMER
E306,C1,71.26851851851852,2026-06-25 11:11:02,O2024-1,PRIMER
E306,C2,71.26851851851852,2026-06-25 11:11:02,O2024-1,PRIMER
E306,C3,71.26851851851852,2026-06-25 11:11:02,O2024-1,PRIMER
E307,C1,60.133333333333326,2026-06-25 11:11:02,O2024-1,PRIMER
E307,C2,60.133333333333326,2026-06-25 11:11:02,O2024-1,PRIMER
E307,C3,60.133333333333326,2026-06-25 11:11:02,O2024-1,PRIMER
E308,C1,79.38148148148147,2026-06-25 11:11:02,O2024-1,PRIMER
E308,C2,79.38148148148147,2026-06-25 11:11:02,O2024-1,PRIMER
E308,C3,79.38148148148147,2026-06-25 11:11:02,O2024-1,PRIMER
E309,C1,73.13333333333334,2026-06-25 11:11:02,O2024-1,PRIMER
E309,C2,73.13333333333334,2026-06-25 11:11:02,O2024-1,PRIMER
E309,C3,73.13333333333334,2026-06-25 11:11:02,O2024-1,PRIMER
E31,C1,68.01333333333334,2026-06-25 11:11:02,O2018-2,PRIMER
E31,C2,68.01333333333334,2026-06-25 11:11:02,O2018-2,PRIMER
E31,C3,68.01333333333334,2026-06-25 11:11:02,O2018-2,PRIMER
E310,C1,70.25,2026-06-25 11:11:02,O2024-1,PRIMER
E310,C2,70.25,2026-06-25 11:11:02,O2024-1,PRIMER
E310,C3,70.25,2026-06-25 11:11:02,O2024-1,PRIMER
E311,C1,60.416666666666664,2026-06-25 11:11:02,O2024-1,PRIMER
E311,C2,60.416666666666664,2026-06-25 11:11:02,O2024-1,PRIMER
E311,C3,60.416666666666664,2026-06-25 11:11:02,O2024-1,PRIMER
E312,C1,63.41666666666667,2026-06-25 11:11:02,O2024-1,PRIMER
E312,C2,63.41666666666667,2026-06-25 11:11:02,O2024-1,PRIMER
E312,C3,63.41666666666667,2026-06-25 11:11:02,O2024-1,PRIMER
E313,C1,63.48333333333333,2026-06-25 11:11:02,O2024-1,PRIMER
E313,C2,63.48333333333333,2026-06-25 11:11:02,O2024-1,PRIMER
E313,C3,63.48333333333333,2026-06-25 11:11:02,O2024-1,PRIMER
E314,C1,63.33333333333333,2026-06-25 11:11:02,O2024-1,PRIMER
E314,C2,63.33333333333333,2026-06-25 11:11:02,O2024-1,PRIMER
E314,C3,63.33333333333333,2026-06-25 11:11:02,O2024-1,PRIMER
E315,C1,69.47999999999999,2026-06-25 11:11:02,O2024-1,PRIMER
E315,C2,69.47999999999999,2026-06-25 11:11:02,O2024-1,PRIMER
E315,C3,69.47999999999999,2026-06-25 11:11:02,O2024-1,PRIMER
E316,C1,73.85,2026-06-25 11:11:03,O2024-1,PRIMER
E316,C2,73.85,2026-06-25 11:11:03,O2024-1,PRIMER
E316,C3,73.85,2026-06-25 11:11:03,O2024-1,PRIMER
E317,C1,77.27272727272728,2026-06-25 11:11:03,O2024-1,PRIMER
E317,C2,77.27272727272728,2026-06-25 11:11:03,O2024-1,PRIMER
E317,C3,77.27272727272728,2026-06-25 11:11:03,O2024-1,PRIMER
E318,C1,66.21666666666667,2026-06-25 11:11:03,O2024-1,PRIMER
E318,C2,66.21666666666667,2026-06-25 11:11:03,O2024-1,PRIMER
E318,C3,66.21666666666667,2026-06-25 11:11:03,O2024-1,PRIMER
E319,C1,74.58617424242425,2026-06-25 11:11:03,O2024-1,PRIMER
E319,C2,74.58617424242425,2026-06-25 11:11:03,O2024-1,PRIMER
E319,C3,74.58617424242425,2026-06-25 11:11:03,O2024-1,PRIMER
E32,C1,76.42848654613361,2026-06-25 11:11:03,O2018-2,PRIMER
E32,C2,76.42848654613361,2026-06-25 11:11:03,O2018-2,PRIMER
E32,C3,76.42848654613361,2026-06-25 11:11:03,O2018-2,PRIMER
E320,C1,74.86098484848485,2026-06-25 11:11:03,O2024-1,PRIMER
E320,C2,74.86098484848485,2026-06-25 11:11:03,O2024-1,PRIMER
E320,C3,74.86098484848485,2026-06-25 11:11:03,O2024-1,PRIMER
E321,C1,63.98333333333333,2026-06-25 11:11:03,O2024-1,PRIMER
E321,C2,63.98333333333333,2026-06-25 11:11:03,O2024-1,PRIMER
E321,C3,63.98333333333333,2026-06-25 11:11:03,O2024-1,PRIMER
E322,C1,82.32777777777777,2026-06-25 11:11:03,O2024-1,PRIMER
E322,C2,82.32777777777777,2026-06-25 11:11:03,O2024-1,PRIMER
E322,C3,82.32777777777777,2026-06-25 11:11:03,O2024-1,PRIMER
E323,C1,76.56212121212121,2026-06-25 11:11:03,O2024-1,PRIMER
E323,C2,76.56212121212121,2026-06-25 11:11:03,O2024-1,PRIMER
E323,C3,76.56212121212121,2026-06-25 11:11:03,O2024-1,PRIMER
E324,C1,75.23768939393939,2026-06-25 11:11:03,O2024-1,PRIMER
E324,C2,75.23768939393939,2026-06-25 11:11:03,O2024-1,PRIMER
E324,C3,75.23768939393939,2026-06-25 11:11:03,O2024-1,PRIMER
E325,C1,72.79715909090909,2026-06-25 11:11:03,O2024-1,PRIMER
E325,C2,72.79715909090909,2026-06-25 11:11:03,O2024-1,PRIMER
E325,C3,72.79715909090909,2026-06-25 11:11:03,O2024-1,PRIMER
E326,C1,79.66388888888889,2026-06-25 11:11:03,O2024-2,PRIMER
E326,C2,79.66388888888889,2026-06-25 11:11:03,O2024-2,PRIMER
E326,C3,79.66388888888889,2026-06-25 11:11:03,O2024-2,PRIMER
E327,C1,59.75,2026-06-25 11:11:03,O2024-2,PRIMER
E327,C2,59.75,2026-06-25 11:11:03,O2024-2,PRIMER
E327,C3,59.75,2026-06-25 11:11:03,O2024-2,PRIMER
E328,C1,80.37916666666666,2026-06-25 11:11:03,O2024-2,PRIMER
E328,C2,80.37916666666666,2026-06-25 11:11:03,O2024-2,PRIMER
E328,C3,80.37916666666666,2026-06-25 11:11:03,O2024-2,PRIMER
E329,C1,72.56666666666668,2026-06-25 11:11:03,O2024-2,PRIMER
E329,C2,72.56666666666668,2026-06-25 11:11:03,O2024-2,PRIMER
E329,C3,72.56666666666668,2026-06-25 11:11:03,O2024-2,PRIMER
E33,C1,67.01666666666667,2026-06-25 11:11:03,O2018-2,PRIMER
E33,C2,67.01666666666667,2026-06-25 11:11:03,O2018-2,PRIMER
E33,C3,67.01666666666667,2026-06-25 11:11:03,O2018-2,PRIMER
E330,C1,65.48333333333333,2026-06-25 11:11:03,O2024-2,PRIMER
E330,C2,65.48333333333333,2026-06-25 11:11:03,O2024-2,PRIMER
E330,C3,65.48333333333333,2026-06-25 11:11:03,O2024-2,PRIMER
E331,C1,83.1,2026-06-25 11:11:03,O2024-2,PRIMER
E331,C2,83.1,2026-06-25 11:11:03,O2024-2,PRIMER
E331,C3,83.1,2026-06-25 11:11:03,O2024-2,PRIMER
E332,C1,64.28333333333333,2026-06-25 11:11:03,O2024-2,PRIMER
E332,C2,64.28333333333333,2026-06-25 11:11:03,O2024-2,PRIMER
E332,C3,64.28333333333333,2026-06-25 11:11:03,O2024-2,PRIMER
E333,C1,78.75972222222222,2026-06-25 11:11:03,O2024-2,PRIMER
E333,C2,78.75972222222222,2026-06-25 11:11:03,O2024-2,PRIMER
E333,C3,78.75972222222222,2026-06-25 11:11:03,O2024-2,PRIMER
E334,C1,77.93571428571428,2026-06-25 11:11:03,O2024-2,PRIMER
E334,C2,77.93571428571428,2026-06-25 11:11:03,O2024-2,PRIMER
E334,C3,77.93571428571428,2026-06-25 11:11:03,O2024-2,PRIMER
E335,C1,66.65,2026-06-25 11:11:03,O2024-2,PRIMER
E335,C2,66.65,2026-06-25 11:11:03,O2024-2,PRIMER
E335,C3,66.65,2026-06-25 11:11:03,O2024-2,PRIMER
E336,C1,82.8285984848485,2026-06-25 11:11:03,O2024-2,PRIMER
E336,C2,82.8285984848485,2026-06-25 11:11:03,O2024-2,PRIMER
E336,C3,82.8285984848485,2026-06-25 11:11:03,O2024-2,PRIMER
E337,C1,70.35333333333332,2026-06-25 11:11:03,O2024-2,PRIMER
E337,C2,70.35333333333332,2026-06-25 11:11:03,O2024-2,PRIMER
E337,C3,70.35333333333332,2026-06-25 11:11:03,O2024-2,PRIMER
E338,C1,82.28888888888889,2026-06-25 11:11:03,O2024-2,PRIMER
E338,C2,82.28888888888889,2026-06-25 11:11:03,O2024-2,PRIMER
E338,C3,82.28888888888889,2026-06-25 11:11:03,O2024-2,PRIMER
E339,C1,76.12973484848484,2026-06-25 11:11:03,O2024-2,PRIMER
E339,C2,76.12973484848484,2026-06-25 11:11:03,O2024-2,PRIMER
E339,C3,76.12973484848484,2026-06-25 11:11:03,O2024-2,PRIMER
E34,C1,76.81926406926407,2026-06-25 11:11:03,O2018-2,PRIMER
E34,C2,76.81926406926407,2026-06-25 11:11:03,O2018-2,PRIMER
E34,C3,76.81926406926407,2026-06-25 11:11:03,O2018-2,PRIMER
E340,C1,81.65833333333333,2026-06-25 11:11:03,O2024-2,PRIMER
E340,C2,81.65833333333333,2026-06-25 11:11:03,O2024-2,PRIMER
E340,C3,81.65833333333333,2026-06-25 11:11:03,O2024-2,PRIMER
E341,C1,76.29236111111112,2026-06-25 11:11:03,O2024-2,PRIMER
E341,C2,76.29236111111112,2026-06-25 11:11:03,O2024-2,PRIMER
E341,C3,76.29236111111112,2026-06-25 11:11:03,O2024-2,PRIMER
E342,C1,73.15937500000001,2026-06-25 11:11:03,O2024-2,PRIMER
E342,C2,73.15937500000001,2026-06-25 11:11:03,O2024-2,PRIMER
E342,C3,73.15937500000001,2026-06-25 11:11:03,O2024-2,PRIMER
E343,C1,83.65694444444445,2026-06-25 11:11:03,O2024-2,PRIMER
E343,C2,83.65694444444445,2026-06-25 11:11:03,O2024-2,PRIMER
E343,C3,83.65694444444445,2026-06-25 11:11:03,O2024-2,PRIMER
E344,C1,71.61944444444444,2026-06-25 11:11:03,O2024-2,PRIMER
E344,C2,71.61944444444444,2026-06-25 11:11:03,O2024-2,PRIMER
E344,C3,71.61944444444444,2026-06-25 11:11:03,O2024-2,PRIMER
E345,C1,70.9,2026-06-25 11:11:03,O2024-2,PRIMER
E345,C2,70.9,2026-06-25 11:11:03,O2024-2,PRIMER
E345,C3,70.9,2026-06-25 11:11:03,O2024-2,PRIMER
E346,C1,83.62777777777778,2026-06-25 11:11:03,O2024-2,PRIMER
E346,C2,83.62777777777778,2026-06-25 11:11:03,O2024-2,PRIMER
E346,C3,83.62777777777778,2026-06-25 11:11:03,O2024-2,PRIMER
E347,C1,75.27320075757575,2026-06-25 11:11:03,O2024-2,PRIMER
E347,C2,75.27320075757575,2026-06-25 11:11:03,O2024-2,PRIMER
E347,C3,75.27320075757575,2026-06-25 11:11:03,O2024-2,PRIMER
E348,C1,73.10729166666667,2026-06-25 11:11:03,O2024-2,PRIMER
E348,C2,73.10729166666667,2026-06-25 11:11:03,O2024-2,PRIMER
E348,C3,73.10729166666667,2026-06-25 11:11:03,O2024-2,PRIMER
E349,C1,78.79829545454545,2026-06-25 11:11:03,O2024-2,PRIMER
E349,C2,78.79829545454545,2026-06-25 11:11:03,O2024-2,PRIMER
E349,C3,78.79829545454545,2026-06-25 11:11:03,O2024-2,PRIMER
E35,C1,69.14666666666668,2026-06-25 11:11:03,O2018-2,PRIMER
E35,C2,69.14666666666668,2026-06-25 11:11:03,O2018-2,PRIMER
E35,C3,69.14666666666668,2026-06-25 11:11:03,O2018-2,PRIMER
E350,C1,82.5625,2026-06-25 11:11:03,O2024-2,PRIMER
E350,C2,82.5625,2026-06-25 11:11:03,O2024-2,PRIMER
E350,C3,82.5625,2026-06-25 11:11:03,O2024-2,PRIMER
E351,C1,64.01666666666668,2026-06-25 11:11:03,O2025-1,PRIMER
E351,C2,64.01666666666668,2026-06-25 11:11:03,O2025-1,PRIMER
E351,C3,64.01666666666668,2026-06-25 11:11:03,O2025-1,PRIMER
E352,C1,80.95684523809524,2026-06-25 11:11:03,O2025-1,PRIMER
E352,C2,80.95684523809524,2026-06-25 11:11:03,O2025-1,PRIMER
E352,C3,80.95684523809524,2026-06-25 11:11:03,O2025-1,PRIMER
E353,C1,62.916666666666664,2026-06-25 11:11:03,O2025-1,PRIMER
E353,C2,62.916666666666664,2026-06-25 11:11:03,O2025-1,PRIMER
E353,C3,62.916666666666664,2026-06-25 11:11:03,O2025-1,PRIMER
E354,C1,69.79333333333334,2026-06-25 11:11:03,O2025-1,PRIMER
E354,C2,69.79333333333334,2026-06-25 11:11:03,O2025-1,PRIMER
E354,C3,69.79333333333334,2026-06-25 11:11:03,O2025-1,PRIMER
E355,C1,80.375,2026-06-25 11:11:03,O2025-1,PRIMER
E355,C2,80.375,2026-06-25 11:11:03,O2025-1,PRIMER
E355,C3,80.375,2026-06-25 11:11:03,O2025-1,PRIMER
E356,C1,69.99142857142857,2026-06-25 11:11:03,O2025-1,PRIMER
E356,C2,69.99142857142857,2026-06-25 11:11:03,O2025-1,PRIMER
E356,C3,69.99142857142857,2026-06-25 11:11:03,O2025-1,PRIMER
E357,C1,72.71875,2026-06-25 11:11:03,O2025-1,PRIMER
E357,C2,72.71875,2026-06-25 11:11:03,O2025-1,PRIMER
E357,C3,72.71875,2026-06-25 11:11:03,O2025-1,PRIMER
E358,C1,69.88333333333334,2026-06-25 11:11:03,O2025-1,PRIMER
E358,C2,69.88333333333334,2026-06-25 11:11:03,O2025-1,PRIMER
E358,C3,69.88333333333334,2026-06-25 11:11:03,O2025-1,PRIMER
E359,C1,64.61666666666667,2026-06-25 11:11:03,O2025-1,PRIMER
E359,C2,64.61666666666667,2026-06-25 11:11:03,O2025-1,PRIMER
E359,C3,64.61666666666667,2026-06-25 11:11:03,O2025-1,PRIMER
E36,C1,63.93333333333332,2026-06-25 11:11:03,O2018-2,PRIMER
E36,C2,63.93333333333332,2026-06-25 11:11:03,O2018-2,PRIMER
E36,C3,63.93333333333332,2026-06-25 11:11:03,O2018-2,PRIMER
E360,C1,74.86979166666666,2026-06-25 11:11:03,O2025-1,PRIMER
E360,C2,74.86979166666666,2026-06-25 11:11:03,O2025-1,PRIMER
E360,C3,74.86979166666666,2026-06-25 11:11:03,O2025-1,PRIMER
E361,C1,82.5,2026-06-25 11:11:03,O2025-1,PRIMER
E361,C2,82.5,2026-06-25 11:11:03,O2025-1,PRIMER
E361,C3,82.5,2026-06-25 11:11:03,O2025-1,PRIMER
E362,C1,71.8,2026-06-25 11:11:03,O2025-1,PRIMER
E362,C2,71.8,2026-06-25 11:11:03,O2025-1,PRIMER
E362,C3,71.8,2026-06-25 11:11:03,O2025-1,PRIMER
E363,C1,66.66666666666666,2026-06-25 11:11:03,O2025-1,PRIMER
E363,C2,66.66666666666666,2026-06-25 11:11:03,O2025-1,PRIMER
E363,C3,66.66666666666666,2026-06-25 11:11:03,O2025-1,PRIMER
E364,C1,66.1,2026-06-25 11:11:03,O2025-1,PRIMER
E364,C2,66.1,2026-06-25 11:11:03,O2025-1,PRIMER
E364,C3,66.1,2026-06-25 11:11:03,O2025-1,PRIMER
E365,C1,71.43333333333332,2026-06-25 11:11:03,O2025-1,PRIMER
E365,C2,71.43333333333332,2026-06-25 11:11:03,O2025-1,PRIMER
E365,C3,71.43333333333332,2026-06-25 11:11:03,O2025-1,PRIMER
E366,C1,69.35,2026-06-25 11:11:03,O2025-1,PRIMER
E366,C2,69.35,2026-06-25 11:11:03,O2025-1,PRIMER
E366,C3,69.35,2026-06-25 11:11:03,O2025-1,PRIMER
E367,C1,69.4,2026-06-25 11:11:03,O2025-1,PRIMER
E367,C2,69.4,2026-06-25 11:11:03,O2025-1,PRIMER
E367,C3,69.4,2026-06-25 11:11:03,O2025-1,PRIMER
E368,C1,76.65,2026-06-25 11:11:03,O2025-1,PRIMER
E368,C2,76.65,2026-06-25 11:11:03,O2025-1,PRIMER
E368,C3,76.65,2026-06-25 11:11:03,O2025-1,PRIMER
E369,C1,78.33407738095238,2026-06-25 11:11:03,O2025-1,PRIMER
E369,C2,78.33407738095238,2026-06-25 11:11:03,O2025-1,PRIMER
E369,C3,78.33407738095238,2026-06-25 11:11:03,O2025-1,PRIMER
E37,C1,73.87786834377744,2026-06-25 11:11:03,O2018-2,PRIMER
E37,C2,73.87786834377744,2026-06-25 11:11:03,O2018-2,PRIMER
E37,C3,73.87786834377744,2026-06-25 11:11:03,O2018-2,PRIMER
E370,C1,78.84895833333334,2026-06-25 11:11:03,O2025-1,PRIMER
E370,C2,78.84895833333334,2026-06-25 11:11:03,O2025-1,PRIMER
E370,C3,78.84895833333334,2026-06-25 11:11:03,O2025-1,PRIMER
E371,C1,66.75,2026-06-25 11:11:03,O2025-1,PRIMER
E371,C2,66.75,2026-06-25 11:11:03,O2025-1,PRIMER
E371,C3,66.75,2026-06-25 11:11:03,O2025-1,PRIMER
E372,C1,62.36666666666666,2026-06-25 11:11:03,O2025-1,PRIMER
E372,C2,62.36666666666666,2026-06-25 11:11:03,O2025-1,PRIMER
E372,C3,62.36666666666666,2026-06-25 11:11:03,O2025-1,PRIMER
E373,C1,78.26488095238095,2026-06-25 11:11:03,O2025-1,PRIMER
E373,C2,78.26488095238095,2026-06-25 11:11:03,O2025-1,PRIMER
E373,C3,78.26488095238095,2026-06-25 11:11:03,O2025-1,PRIMER
E374,C1,81.390625,2026-06-25 11:11:03,O2025-1,PRIMER
E374,C2,81.390625,2026-06-25 11:11:03,O2025-1,PRIMER
E374,C3,81.390625,2026-06-25 11:11:03,O2025-1,PRIMER
E375,C1,81.28571428571428,2026-06-25 11:11:03,O2025-1,PRIMER
E375,C2,81.28571428571428,2026-06-25 11:11:03,O2025-1,PRIMER
E375,C3,81.28571428571428,2026-06-25 11:11:03,O2025-1,PRIMER
E376,C1,76.27777777777779,2026-06-25 11:11:03,O2025-2,PRIMER
E376,C2,76.27777777777779,2026-06-25 11:11:03,O2025-2,PRIMER
E376,C3,76.27777777777779,2026-06-25 11:11:03,O2025-2,PRIMER
E377,C1,80.06938775510204,2026-06-25 11:11:03,O2025-2,PRIMER
E377,C2,80.06938775510204,2026-06-25 11:11:03,O2025-2,PRIMER
E377,C3,80.06938775510204,2026-06-25 11:11:03,O2025-2,PRIMER
E378,C1,78.59920634920636,2026-06-25 11:11:03,O2025-2,PRIMER
E378,C2,78.59920634920636,2026-06-25 11:11:03,O2025-2,PRIMER
E378,C3,78.59920634920636,2026-06-25 11:11:03,O2025-2,PRIMER
E379,C1,81.36530612244898,2026-06-25 11:11:03,O2025-2,PRIMER
E379,C2,81.36530612244898,2026-06-25 11:11:03,O2025-2,PRIMER
E379,C3,81.36530612244898,2026-06-25 11:11:03,O2025-2,PRIMER
E38,C1,79.02008928571428,2026-06-25 11:11:03,O2018-2,PRIMER
E38,C2,79.02008928571428,2026-06-25 11:11:03,O2018-2,PRIMER
E38,C3,79.02008928571428,2026-06-25 11:11:04,O2018-2,PRIMER
E380,C1,75.41020408163264,2026-06-25 11:11:04,O2025-2,PRIMER
E380,C2,75.41020408163264,2026-06-25 11:11:04,O2025-2,PRIMER
E380,C3,75.41020408163264,2026-06-25 11:11:04,O2025-2,PRIMER
E381,C1,81.89365079365079,2026-06-25 11:11:04,O2025-2,PRIMER
E381,C2,81.89365079365079,2026-06-25 11:11:04,O2025-2,PRIMER
E381,C3,81.89365079365079,2026-06-25 11:11:04,O2025-2,PRIMER
E382,C1,66.58333333333334,2026-06-25 11:11:04,O2025-2,PRIMER
E382,C2,66.58333333333334,2026-06-25 11:11:04,O2025-2,PRIMER
E382,C3,66.58333333333334,2026-06-25 11:11:04,O2025-2,PRIMER
E383,C1,68.75,2026-06-25 11:11:04,O2025-2,PRIMER
E383,C2,68.75,2026-06-25 11:11:04,O2025-2,PRIMER
E383,C3,68.75,2026-06-25 11:11:04,O2025-2,PRIMER
E384,C1,66.58333333333334,2026-06-25 11:11:04,O2025-2,PRIMER
E384,C2,66.58333333333334,2026-06-25 11:11:04,O2025-2,PRIMER
E384,C3,66.58333333333334,2026-06-25 11:11:04,O2025-2,PRIMER
E385,C1,79.98775510204082,2026-06-25 11:11:04,O2025-2,PRIMER
E385,C2,79.98775510204082,2026-06-25 11:11:04,O2025-2,PRIMER
E385,C3,79.98775510204082,2026-06-25 11:11:04,O2025-2,PRIMER
E386,C1,76.23333333333333,2026-06-25 11:11:04,O2025-2,PRIMER
E386,C2,76.23333333333333,2026-06-25 11:11:04,O2025-2,PRIMER
E386,C3,76.23333333333333,2026-06-25 11:11:04,O2025-2,PRIMER
E387,C1,60.66666666666667,2026-06-25 11:11:04,O2025-2,PRIMER
E387,C2,60.66666666666667,2026-06-25 11:11:04,O2025-2,PRIMER
E387,C3,60.66666666666667,2026-06-25 11:11:04,O2025-2,PRIMER
E388,C1,67.06666666666668,2026-06-25 11:11:04,O2025-2,PRIMER
E388,C2,67.06666666666668,2026-06-25 11:11:04,O2025-2,PRIMER
E388,C3,67.06666666666668,2026-06-25 11:11:04,O2025-2,PRIMER
E389,C1,70.23015873015873,2026-06-25 11:11:04,O2025-2,PRIMER
E389,C2,70.23015873015873,2026-06-25 11:11:04,O2025-2,PRIMER
E389,C3,70.23015873015873,2026-06-25 11:11:04,O2025-2,PRIMER
E39,C1,62.95,2026-06-25 11:11:04,O2018-2,PRIMER
E39,C2,62.95,2026-06-25 11:11:04,O2018-2,PRIMER
E39,C3,62.95,2026-06-25 11:11:04,O2018-2,PRIMER
E390,C1,76.75,2026-06-25 11:11:04,O2025-2,PRIMER
E390,C2,76.75,2026-06-25 11:11:04,O2025-2,PRIMER
E390,C3,76.75,2026-06-25 11:11:04,O2025-2,PRIMER
E391,C1,80.01020408163265,2026-06-25 11:11:04,O2025-2,PRIMER
E391,C2,80.01020408163265,2026-06-25 11:11:04,O2025-2,PRIMER
E391,C3,80.01020408163265,2026-06-25 11:11:04,O2025-2,PRIMER
E392,C1,62.53333333333334,2026-06-25 11:11:04,O2025-2,PRIMER
E392,C2,62.53333333333334,2026-06-25 11:11:04,O2025-2,PRIMER
E392,C3,62.53333333333334,2026-06-25 11:11:04,O2025-2,PRIMER
E393,C1,64.56666666666666,2026-06-25 11:11:04,O2025-2,PRIMER
E393,C2,64.56666666666666,2026-06-25 11:11:04,O2025-2,PRIMER
E393,C3,64.56666666666666,2026-06-25 11:11:04,O2025-2,PRIMER
E394,C1,74.44444444444444,2026-06-25 11:11:04,O2025-2,PRIMER
E394,C2,74.44444444444444,2026-06-25 11:11:04,O2025-2,PRIMER
E394,C3,74.44444444444444,2026-06-25 11:11:04,O2025-2,PRIMER
E395,C1,68.8,2026-06-25 11:11:04,O2025-2,PRIMER
E395,C2,68.8,2026-06-25 11:11:04,O2025-2,PRIMER
E395,C3,68.8,2026-06-25 11:11:04,O2025-2,PRIMER
E396,C1,85.21428571428571,2026-06-25 11:11:04,O2025-2,PRIMER
E396,C2,85.21428571428571,2026-06-25 11:11:04,O2025-2,PRIMER
E396,C3,85.21428571428571,2026-06-25 11:11:04,O2025-2,PRIMER
E397,C1,79.89591836734694,2026-06-25 11:11:04,O2025-2,PRIMER
E397,C2,79.89591836734694,2026-06-25 11:11:04,O2025-2,PRIMER
E397,C3,79.89591836734694,2026-06-25 11:11:04,O2025-2,PRIMER
E398,C1,82.9,2026-06-25 11:11:04,O2025-2,PRIMER
E398,C2,82.9,2026-06-25 11:11:04,O2025-2,PRIMER
E398,C3,82.9,2026-06-25 11:11:04,O2025-2,PRIMER
E399,C1,80.98367346938775,2026-06-25 11:11:04,O2025-2,PRIMER
E399,C2,80.98367346938775,2026-06-25 11:11:04,O2025-2,PRIMER
E399,C3,80.98367346938775,2026-06-25 11:11:04,O2025-2,PRIMER
E4,C1,63.1,2026-06-25 11:11:04,O2018-1,PRIMER
E4,C2,63.1,2026-06-25 11:11:04,O2018-1,PRIMER
E4,C3,63.1,2026-06-25 11:11:04,O2018-1,PRIMER
E40,C1,64.56666666666668,2026-06-25 11:11:04,O2018-2,PRIMER
E40,C2,64.56666666666668,2026-06-25 11:11:04,O2018-2,PRIMER
E40,C3,64.56666666666668,2026-06-25 11:11:04,O2018-2,PRIMER
E400,C1,67.08000000000001,2026-06-25 11:11:04,O2025-2,PRIMER
E400,C2,67.08000000000001,2026-06-25 11:11:04,O2025-2,PRIMER
E400,C3,67.08000000000001,2026-06-25 11:11:04,O2025-2,PRIMER
E41,C1,71.15079365079364,2026-06-25 11:11:04,O2018-2,PRIMER
E41,C2,71.15079365079364,2026-06-25 11:11:04,O2018-2,PRIMER
E41,C3,71.15079365079364,2026-06-25 11:11:04,O2018-2,PRIMER
E42,C1,73.28571428571429,2026-06-25 11:11:04,O2018-2,PRIMER
E42,C2,73.28571428571429,2026-06-25 11:11:04,O2018-2,PRIMER
E42,C3,73.28571428571429,2026-06-25 11:11:04,O2018-2,PRIMER
E43,C1,62.48333333333333,2026-06-25 11:11:04,O2018-2,PRIMER
E43,C2,62.48333333333333,2026-06-25 11:11:04,O2018-2,PRIMER
E43,C3,62.48333333333333,2026-06-25 11:11:04,O2018-2,PRIMER
E44,C1,66.85,2026-06-25 11:11:04,O2018-2,PRIMER
E44,C2,66.85,2026-06-25 11:11:04,O2018-2,PRIMER
E44,C3,66.85,2026-06-25 11:11:04,O2018-2,PRIMER
E45,C1,74.2,2026-06-25 11:11:04,O2018-2,PRIMER
E45,C2,74.2,2026-06-25 11:11:04,O2018-2,PRIMER
E45,C3,74.2,2026-06-25 11:11:04,O2018-2,PRIMER
E46,C1,69.0,2026-06-25 11:11:04,O2018-2,PRIMER
E46,C2,69.0,2026-06-25 11:11:04,O2018-2,PRIMER
E46,C3,69.0,2026-06-25 11:11:04,O2018-2,PRIMER
E47,C1,76.62,2026-06-25 11:11:04,O2018-2,PRIMER
E47,C2,76.62,2026-06-25 11:11:04,O2018-2,PRIMER
E47,C3,76.62,2026-06-25 11:11:04,O2018-2,PRIMER
E48,C1,62.1,2026-06-25 11:11:04,O2018-2,PRIMER
E48,C2,62.1,2026-06-25 11:11:04,O2018-2,PRIMER
E48,C3,62.1,2026-06-25 11:11:04,O2018-2,PRIMER
E49,C1,74.55588023088025,2026-06-25 11:11:04,O2018-2,PRIMER
E49,C2,74.55588023088025,2026-06-25 11:11:04,O2018-2,PRIMER
E49,C3,74.55588023088025,2026-06-25 11:11:04,O2018-2,PRIMER
E5,C1,64.75,2026-06-25 11:11:04,O2018-1,PRIMER
E5,C2,64.75,2026-06-25 11:11:04,O2018-1,PRIMER
E5,C3,64.75,2026-06-25 11:11:04,O2018-1,PRIMER
E50,C1,74.46717171717172,2026-06-25 11:11:04,O2018-2,PRIMER
E50,C2,74.46717171717172,2026-06-25 11:11:04,O2018-2,PRIMER
E50,C3,74.46717171717172,2026-06-25 11:11:04,O2018-2,PRIMER
E51,C1,80.85979929161748,2026-06-25 11:11:04,O2019-1,PRIMER
E51,C2,80.85979929161748,2026-06-25 11:11:04,O2019-1,PRIMER
E51,C3,80.85979929161748,2026-06-25 11:11:04,O2019-1,PRIMER
E52,C1,80.81783216783217,2026-06-25 11:11:04,O2019-1,PRIMER
E52,C2,80.81783216783217,2026-06-25 11:11:04,O2019-1,PRIMER
E52,C3,80.81783216783217,2026-06-25 11:11:04,O2019-1,PRIMER
E53,C1,65.6,2026-06-25 11:11:04,O2019-1,PRIMER
E53,C2,65.6,2026-06-25 11:11:04,O2019-1,PRIMER
E53,C3,65.6,2026-06-25 11:11:04,O2019-1,PRIMER
E54,C1,63.216666666666676,2026-06-25 11:11:04,O2019-1,PRIMER
E54,C2,63.216666666666676,2026-06-25 11:11:04,O2019-1,PRIMER
E54,C3,63.216666666666676,2026-06-25 11:11:04,O2019-1,PRIMER
E55,C1,71.66,2026-06-25 11:11:04,O2019-1,PRIMER
E55,C2,71.66,2026-06-25 11:11:04,O2019-1,PRIMER
E55,C3,71.66,2026-06-25 11:11:04,O2019-1,PRIMER
E56,C1,77.17873792873793,2026-06-25 11:11:04,O2019-1,PRIMER
E56,C2,77.17873792873793,2026-06-25 11:11:04,O2019-1,PRIMER
E56,C3,77.17873792873793,2026-06-25 11:11:04,O2019-1,PRIMER
E57,C1,74.21493506493506,2026-06-25 11:11:04,O2019-1,PRIMER
E57,C2,74.21493506493506,2026-06-25 11:11:04,O2019-1,PRIMER
E57,C3,74.21493506493506,2026-06-25 11:11:04,O2019-1,PRIMER
E58,C1,70.20092592592592,2026-06-25 11:11:04,O2019-1,PRIMER
E58,C2,70.20092592592592,2026-06-25 11:11:04,O2019-1,PRIMER
E58,C3,70.20092592592592,2026-06-25 11:11:04,O2019-1,PRIMER
E59,C1,73.29800637958533,2026-06-25 11:11:04,O2019-1,PRIMER
E59,C2,73.29800637958533,2026-06-25 11:11:04,O2019-1,PRIMER
E59,C3,73.29800637958533,2026-06-25 11:11:04,O2019-1,PRIMER
E6,C1,76.61369047619048,2026-06-25 11:11:04,O2018-1,PRIMER
E6,C2,76.61369047619048,2026-06-25 11:11:04,O2018-1,PRIMER
E6,C3,76.61369047619048,2026-06-25 11:11:04,O2018-1,PRIMER
E60,C1,71.03958333333334,2026-06-25 11:11:04,O2019-1,PRIMER
E60,C2,71.03958333333334,2026-06-25 11:11:04,O2019-1,PRIMER
E60,C3,71.03958333333334,2026-06-25 11:11:04,O2019-1,PRIMER
E61,C1,78.05952380952381,2026-06-25 11:11:04,O2019-1,PRIMER
E61,C2,78.05952380952381,2026-06-25 11:11:04,O2019-1,PRIMER
E61,C3,78.05952380952381,2026-06-25 11:11:04,O2019-1,PRIMER
E62,C1,62.93333333333334,2026-06-25 11:11:04,O2019-1,PRIMER
E62,C2,62.93333333333334,2026-06-25 11:11:04,O2019-1,PRIMER
E62,C3,62.93333333333334,2026-06-25 11:11:04,O2019-1,PRIMER
E63,C1,66.3,2026-06-25 11:11:04,O2019-1,PRIMER
E63,C2,66.3,2026-06-25 11:11:04,O2019-1,PRIMER
E63,C3,66.3,2026-06-25 11:11:04,O2019-1,PRIMER
E64,C1,82.37467532467532,2026-06-25 11:11:04,O2019-1,PRIMER
E64,C2,82.37467532467532,2026-06-25 11:11:04,O2019-1,PRIMER
E64,C3,82.37467532467532,2026-06-25 11:11:04,O2019-1,PRIMER
E65,C1,81.63693427784337,2026-06-25 11:11:04,O2019-1,PRIMER
E65,C2,81.63693427784337,2026-06-25 11:11:04,O2019-1,PRIMER
E65,C3,81.63693427784337,2026-06-25 11:11:04,O2019-1,PRIMER
E66,C1,62.616666666666674,2026-06-25 11:11:04,O2019-1,PRIMER
E66,C2,62.616666666666674,2026-06-25 11:11:04,O2019-1,PRIMER
E66,C3,62.616666666666674,2026-06-25 11:11:04,O2019-1,PRIMER
E67,C1,79.6724321133412,2026-06-25 11:11:04,O2019-1,PRIMER
E67,C2,79.6724321133412,2026-06-25 11:11:04,O2019-1,PRIMER
E67,C3,79.6724321133412,2026-06-25 11:11:04,O2019-1,PRIMER
E68,C1,63.93333333333334,2026-06-25 11:11:04,O2019-1,PRIMER
E68,C2,63.93333333333334,2026-06-25 11:11:04,O2019-1,PRIMER
E68,C3,63.93333333333334,2026-06-25 11:11:04,O2019-1,PRIMER
E69,C1,77.64928177882724,2026-06-25 11:11:04,O2019-1,PRIMER
E69,C2,77.64928177882724,2026-06-25 11:11:04,O2019-1,PRIMER
E69,C3,77.64928177882724,2026-06-25 11:11:04,O2019-1,PRIMER
E7,C1,73.87443181818182,2026-06-25 11:11:04,O2018-1,PRIMER
E7,C2,73.87443181818182,2026-06-25 11:11:04,O2018-1,PRIMER
E7,C3,73.87443181818182,2026-06-25 11:11:04,O2018-1,PRIMER
E70,C1,63.466666666666676,2026-06-25 11:11:04,O2019-1,PRIMER
E70,C2,63.466666666666676,2026-06-25 11:11:04,O2019-1,PRIMER
E70,C3,63.466666666666676,2026-06-25 11:11:04,O2019-1,PRIMER
E71,C1,74.17012987012988,2026-06-25 11:11:04,O2019-1,PRIMER
E71,C2,74.17012987012988,2026-06-25 11:11:04,O2019-1,PRIMER
E71,C3,74.17012987012988,2026-06-25 11:11:04,O2019-1,PRIMER
E72,C1,68.58666666666667,2026-06-25 11:11:04,O2019-1,PRIMER
E72,C2,68.58666666666667,2026-06-25 11:11:04,O2019-1,PRIMER
E72,C3,68.58666666666667,2026-06-25 11:11:04,O2019-1,PRIMER
E73,C1,77.79373143196672,2026-06-25 11:11:04,O2019-1,PRIMER
E73,C2,77.79373143196672,2026-06-25 11:11:04,O2019-1,PRIMER
E73,C3,77.79373143196672,2026-06-25 11:11:04,O2019-1,PRIMER
E74,C1,73.98309523809525,2026-06-25 11:11:04,O2019-1,PRIMER
E74,C2,73.98309523809525,2026-06-25 11:11:04,O2019-1,PRIMER
E74,C3,73.98309523809525,2026-06-25 11:11:04,O2019-1,PRIMER
E75,C1,70.40925925925926,2026-06-25 11:11:04,O2019-1,PRIMER
E75,C2,70.40925925925926,2026-06-25 11:11:04,O2019-1,PRIMER
E75,C3,70.40925925925926,2026-06-25 11:11:04,O2019-1,PRIMER
E76,C1,61.75,2026-06-25 11:11:04,O2019-2,PRIMER
E76,C2,61.75,2026-06-25 11:11:04,O2019-2,PRIMER
E76,C3,61.75,2026-06-25 11:11:04,O2019-2,PRIMER
E77,C1,75.75885780885781,2026-06-25 11:11:04,O2019-2,PRIMER
E77,C2,75.75885780885781,2026-06-25 11:11:04,O2019-2,PRIMER
E77,C3,75.75885780885781,2026-06-25 11:11:04,O2019-2,PRIMER
E78,C1,79.5929115447832,2026-06-25 11:11:04,O2019-2,PRIMER
E78,C2,79.5929115447832,2026-06-25 11:11:04,O2019-2,PRIMER
E78,C3,79.5929115447832,2026-06-25 11:11:04,O2019-2,PRIMER
E79,C1,84.9,2026-06-25 11:11:04,O2019-2,PRIMER
E79,C2,84.9,2026-06-25 11:11:04,O2019-2,PRIMER
E79,C3,84.9,2026-06-25 11:11:04,O2019-2,PRIMER
E8,C1,80.72916666666666,2026-06-25 11:11:04,O2018-1,PRIMER
E8,C2,80.72916666666666,2026-06-25 11:11:04,O2018-1,PRIMER
E8,C3,80.72916666666666,2026-06-25 11:11:04,O2018-1,PRIMER
E80,C1,78.30958284140102,2026-06-25 11:11:04,O2019-2,PRIMER
E80,C2,78.30958284140102,2026-06-25 11:11:04,O2019-2,PRIMER
E80,C3,78.30958284140102,2026-06-25 11:11:04,O2019-2,PRIMER
E81,C1,79.37999311294766,2026-06-25 11:11:04,O2019-2,PRIMER
E81,C2,79.37999311294766,2026-06-25 11:11:04,O2019-2,PRIMER
E81,C3,79.37999311294766,2026-06-25 11:11:04,O2019-2,PRIMER
E82,C1,83.03441066509248,2026-06-25 11:11:04,O2019-2,PRIMER
E82,C2,83.03441066509248,2026-06-25 11:11:04,O2019-2,PRIMER
E82,C3,83.03441066509248,2026-06-25 11:11:04,O2019-2,PRIMER
E83,C1,61.81666666666668,2026-06-25 11:11:04,O2019-2,PRIMER
E83,C2,61.81666666666668,2026-06-25 11:11:04,O2019-2,PRIMER
E83,C3,61.81666666666668,2026-06-25 11:11:04,O2019-2,PRIMER
E84,C1,68.81,2026-06-25 11:11:04,O2019-2,PRIMER
E84,C2,68.81,2026-06-25 11:11:04,O2019-2,PRIMER
E84,C3,68.81,2026-06-25 11:11:04,O2019-2,PRIMER
E85,C1,74.51488095238095,2026-06-25 11:11:04,O2019-2,PRIMER
E85,C2,74.51488095238095,2026-06-25 11:11:04,O2019-2,PRIMER
E85,C3,74.51488095238095,2026-06-25 11:11:04,O2019-2,PRIMER
E86,C1,71.30357142857143,2026-06-25 11:11:04,O2019-2,PRIMER
E86,C2,71.30357142857143,2026-06-25 11:11:04,O2019-2,PRIMER
E86,C3,71.30357142857143,2026-06-25 11:11:04,O2019-2,PRIMER
E87,C1,69.25666666666666,2026-06-25 11:11:04,O2019-2,PRIMER
E87,C2,69.25666666666666,2026-06-25 11:11:04,O2019-2,PRIMER
E87,C3,69.25666666666666,2026-06-25 11:11:04,O2019-2,PRIMER
E88,C1,74.87991175491176,2026-06-25 11:11:04,O2019-2,PRIMER
E88,C2,74.87991175491176,2026-06-25 11:11:04,O2019-2,PRIMER
E88,C3,74.87991175491176,2026-06-25 11:11:04,O2019-2,PRIMER
E89,C1,64.13333333333334,2026-06-25 11:11:04,O2019-2,PRIMER
E89,C2,64.13333333333334,2026-06-25 11:11:04,O2019-2,PRIMER
E89,C3,64.13333333333334,2026-06-25 11:11:04,O2019-2,PRIMER
E9,C1,67.2,2026-06-25 11:11:04,O2018-1,PRIMER
E9,C2,67.2,2026-06-25 11:11:04,O2018-1,PRIMER
E9,C3,67.2,2026-06-25 11:11:04,O2018-1,PRIMER
E90,C1,79.56907887121791,2026-06-25 11:11:04,O2019-2,PRIMER
E90,C2,79.56907887121791,2026-06-25 11:11:04,O2019-2,PRIMER
E90,C3,79.56907887121791,2026-06-25 11:11:04,O2019-2,PRIMER
E91,C1,68.86666666666666,2026-06-25 11:11:04,O2019-2,PRIMER
E91,C2,68.86666666666666,2026-06-25 11:11:04,O2019-2,PRIMER
E91,C3,68.86666666666666,2026-06-25 11:11:04,O2019-2,PRIMER
E92,C1,84.2107438016529,2026-06-25 11:11:04,O2019-2,PRIMER
E92,C2,84.2107438016529,2026-06-25 11:11:04,O2019-2,PRIMER
E92,C3,84.2107438016529,2026-06-25 11:11:04,O2019-2,PRIMER
E93,C1,71.34693877551021,2026-06-25 11:11:04,O2019-2,PRIMER
E93,C2,71.34693877551021,2026-06-25 11:11:04,O2019-2,PRIMER
E93,C3,71.34693877551021,2026-06-25 11:11:04,O2019-2,PRIMER
E94,C1,66.8,2026-06-25 11:11:05,O2019-2,PRIMER
E94,C2,66.8,2026-06-25 11:11:05,O2019-2,PRIMER
E94,C3,66.8,2026-06-25 11:11:05,O2019-2,PRIMER
E95,C1,64.88333333333333,2026-06-25 11:11:05,O2019-2,PRIMER
E95,C2,64.88333333333333,2026-06-25 11:11:05,O2019-2,PRIMER
E95,C3,64.88333333333333,2026-06-25 11:11:05,O2019-2,PRIMER
E96,C1,58.366666666666674,2026-06-25 11:11:05,O2019-2,PRIMER
E96,C2,58.366666666666674,2026-06-25 11:11:05,O2019-2,PRIMER
E96,C3,58.366666666666674,2026-06-25 11:11:05,O2019-2,PRIMER
E97,C1,63.3,2026-06-25 11:11:05,O2019-2,PRIMER
E97,C2,63.3,2026-06-25 11:11:05,O2019-2,PRIMER
E97,C3,63.3,2026-06-25 11:11:05,O2019-2,PRIMER
E98,C1,75.24791999444405,2026-06-25 11:11:05,O2019-2,PRIMER
E98,C2,75.24791999444405,2026-06-25 11:11:05,O2019-2,PRIMER
E98,C3,75.24791999444405,2026-06-25 11:11:05,O2019-2,PRIMER
E99,C1,76.5752840909091,2026-06-25 11:11:05,O2019-2,PRIMER
E99,C2,76.5752840909091,2026-06-25 11:11:05,O2019-2,PRIMER
E99,C3,76.5752840909091,2026-06-25 11:11:05,O2019-2,PRIMER
