ID_EST,PERFIL_Promedio,Nivel,ID_Cohorte,Periodo,Fecha_corte
E1,74.23174603174604,QUINTO,O2018-1,2021-2,2026-06-25 11:11:05
E10,82.77034140102322,NOVENO,O2018-1,2022-2,2026-06-25 11:11:05
E100,81.4818772136954,NOVENO,O2019-2,2024-1,2026-06-25 11:11:05
E101,73.4,PRIMER,O2020-1,2021-1,2026-06-25 11:11:05
E102,78.16271153089336,NOVENO,O2020-1,2025-1,2026-06-25 11:11:06
E103,81.86666666666666,CUARTO,O2020-1,2022-1,2026-06-25 11:11:06
E104,74.25576251234146,NOVENO,O2020-1,2026-1,2026-06-25 11:11:07
E105,74.07903439153439,SEPTIMO,O2020-1,2024-2,2026-06-25 11:11:07
E106,67.48333333333332,PRIMER,O2020-1,2021-1,2026-06-25 11:11:07
E107,58.9,PRIMER,O2020-1,2021-1,2026-06-25 11:11:07
E108,64.51666666666668,PRIMER,O2020-1,2021-1,2026-06-25 11:11:07
E109,76.2,PRIMER,O2020-1,2021-1,2026-06-25 11:11:07
E11,61.23333333333333,PRIMER,O2018-1,2019-1,2026-06-25 11:11:08
E110,81.31658303817395,NOVENO,O2020-1,2024-2,2026-06-25 11:11:08
E111,66.4,PRIMER,O2020-1,2021-1,2026-06-25 11:11:08
E112,66.71666666666667,PRIMER,O2020-1,2021-1,2026-06-25 11:11:08
E113,80.71305361305362,NOVENO,O2020-1,2024-2,2026-06-25 11:11:08
E114,70.56666666666668,SEGUNDO,O2020-1,2021-2,2026-06-25 11:11:09
E115,67.53333333333333,PRIMER,O2020-1,2021-1,2026-06-25 11:11:09
E116,58.5,PRIMER,O2020-1,2021-1,2026-06-25 11:11:09
E117,77.08621933621933,NOVENO,O2020-1,2025-1,2026-06-25 11:11:09
E118,74.34142328259975,OCTAVO,O2020-1,2025-2,2026-06-25 11:11:09
E119,70.20416666666667,SEGUNDO,O2020-1,2021-2,2026-06-25 11:11:09
E12,77.81170104405399,NOVENO,O2018-1,2023-1,2026-06-25 11:11:10
E120,63.43333333333334,PRIMER,O2020-1,2021-1,2026-06-25 11:11:10
E121,64.68333333333334,PRIMER,O2020-1,2021-1,2026-06-25 11:11:10
E122,70.01666666666667,PRIMER,O2020-1,2021-1,2026-06-25 11:11:10
E123,71.01873638344227,QUINTO,O2020-1,2024-2,2026-06-25 11:11:10
E124,63.116666666666674,PRIMER,O2020-1,2021-1,2026-06-25 11:11:10
E125,61.73333333333333,PRIMER,O2020-1,2021-1,2026-06-25 11:11:11
E126,68.26666666666667,PRIMER,O2020-2,2021-2,2026-06-25 11:11:11
E127,80.89452971271153,NOVENO,O2020-2,2025-1,2026-06-25 11:11:11
E128,77.9391441891442,NOVENO,O2020-2,2026-1,2026-06-25 11:11:11
E129,85.51747343565525,NOVENO,O2020-2,2025-1,2026-06-25 11:11:12
E13,72.87098214285714,QUINTO,O2018-1,2021-1,2026-06-25 11:11:12
E130,64.98333333333333,PRIMER,O2020-2,2021-2,2026-06-25 11:11:12
E131,78.70715950715952,NOVENO,O2020-2,2025-1,2026-06-25 11:11:12
E132,79.3,PRIMER,O2020-2,2020-2,2026-06-25 11:11:12
E133,81.84826839826839,NOVENO,O2020-2,2025-1,2026-06-25 11:11:13
E134,74.125,PRIMER,O2020-2,2021-2,2026-06-25 11:11:13
E135,75.36709956709957,NOVENO,O2020-2,2026-1,2026-06-25 11:11:13
E136,73.4,PRIMER,O2020-2,2021-2,2026-06-25 11:11:13
E137,78.7,PRIMER,O2020-2,2020-2,2026-06-25 11:11:13
E138,64.15,PRIMER,O2020-2,2021-2,2026-06-25 11:11:13
E139,62.13333333333335,PRIMER,O2020-2,2021-2,2026-06-25 11:11:13
E14,76.23784722222223,TERCERO,O2018-1,2020-1,2026-06-25 11:11:14
E140,67.86666666666666,PRIMER,O2020-2,2021-2,2026-06-25 11:11:14
E141,67.86666666666667,PRIMER,O2020-2,2021-2,2026-06-25 11:11:14
E142,62.04999999999999,PRIMER,O2020-2,2021-2,2026-06-25 11:11:14
E143,80.1448051948052,NOVENO,O2020-2,2025-1,2026-06-25 11:11:14
E144,76.82083333333333,CUARTO,O2020-2,2023-1,2026-06-25 11:11:14
E145,67.64999999999999,PRIMER,O2020-2,2021-2,2026-06-25 11:11:14
E146,72.29523809523809,PRIMER,O2020-2,2021-2,2026-06-25 11:11:14
E147,83.43239210284665,OCTAVO,O2020-2,2025-1,2026-06-25 11:11:15
E148,83.1698740653286,NOVENO,O2020-2,2025-1,2026-06-25 11:11:15
E149,69.01666666666667,SEGUNDO,O2020-2,2022-1,2026-06-25 11:11:15
E15,59.033333333333324,PRIMER,O2018-1,2019-1,2026-06-25 11:11:15
E150,72.1,SEGUNDO,O2020-2,2022-1,2026-06-25 11:11:15
E151,81.97228395490427,NOVENO,O2021-1,2025-2,2026-06-25 11:11:16
E152,81.93203463203464,NOVENO,O2021-1,2025-2,2026-06-25 11:11:16
E153,80.93154761904762,CUARTO,O2021-1,2022-2,2026-06-25 11:11:16
E154,70.0,PRIMER,O2021-1,2022-1,2026-06-25 11:11:16
E155,71.68452380952381,SEGUNDO,O2021-1,2023-1,2026-06-25 11:11:16
E156,69.99891774891775,SEGUNDO,O2021-1,2023-1,2026-06-25 11:11:17
E157,65.9,PRIMER,O2021-1,2022-1,2026-06-25 11:11:17
E158,79.77445887445887,NOVENO,O2021-1,2025-2,2026-06-25 11:11:17
E159,69.74,PRIMER,O2021-1,2022-1,2026-06-25 11:11:17
E16,62.316666666666684,PRIMER,O2018-1,2019-1,2026-06-25 11:11:17
E160,78.5,PRIMER,O2021-1,2021-1,2026-06-25 11:11:17
E161,80.91763085399448,NOVENO,O2021-1,2025-2,2026-06-25 11:11:17
E162,75.28409090909092,OCTAVO,O2021-1,2026-2,2026-06-25 11:11:18
E163,78.37316017316017,NOVENO,O2021-1,2026-1,2026-06-25 11:11:18
E164,76.88125,CUARTO,O2021-1,2023-2,2026-06-25 11:11:19
E165,82.1,PRIMER,O2021-1,2021-1,2026-06-25 11:11:19
E166,75.51401515151514,OCTAVO,O2021-1,2026-2,2026-06-25 11:11:19
E167,65.13333333333334,PRIMER,O2021-1,2022-1,2026-06-25 11:11:19
E168,59.533333333333324,PRIMER,O2021-1,2022-1,2026-06-25 11:11:19
E169,62.033333333333324,PRIMER,O2021-1,2022-1,2026-06-25 11:11:19
E17,67.83333333333333,PRIMER,O2018-1,2019-1,2026-06-25 11:11:19
E170,79.8840417158599,NOVENO,O2021-1,2025-2,2026-06-25 11:11:20
E171,66.05,PRIMER,O2021-1,2022-1,2026-06-25 11:11:20
E172,61.966666666666676,PRIMER,O2021-1,2022-1,2026-06-25 11:11:20
E173,74.8504329004329,NOVENO,O2021-1,2026-1,2026-06-25 11:11:20
E174,85.0,PRIMER,O2021-1,2021-1,2026-06-25 11:11:20
E175,71.9125,TERCERO,O2021-1,2023-2,2026-06-25 11:11:20
E176,83.3,PRIMER,O2021-2,2021-2,2026-06-25 11:11:20
E177,70.80656162464986,SEPTIMO,O2021-2,2026-2,2026-06-25 11:11:21
E178,78.0,PRIMER,O2021-2,2021-2,2026-06-25 11:11:21
E179,66.72,PRIMER,O2021-2,2022-2,2026-06-25 11:11:21
E18,72.07333333333334,PRIMER,O2018-1,2019-1,2026-06-25 11:11:21
E180,63.01666666666667,PRIMER,O2021-2,2022-2,2026-06-25 11:11:21
E181,67.69,PRIMER,O2021-2,2022-2,2026-06-25 11:11:21
E182,67.41666666666667,PRIMER,O2021-2,2022-2,2026-06-25 11:11:21
E183,59.73333333333333,PRIMER,O2021-2,2022-2,2026-06-25 11:11:21
E184,77.23084415584414,OCTAVO,O2021-2,2026-2,2026-06-25 11:11:22
E185,80.31410861865407,OCTAVO,O2021-2,2026-1,2026-06-25 11:11:22
E186,79.5,PRIMER,O2021-2,2022-1,2026-06-25 11:11:22
E187,65.16666666666667,PRIMER,O2021-2,2022-2,2026-06-25 11:11:22
E188,82.30108225108225,NOVENO,O2021-2,2026-1,2026-06-25 11:11:22
E189,83.73264462809918,NOVENO,O2021-2,2026-1,2026-06-25 11:11:22
E19,78.38779137529137,NOVENO,O2018-1,2023-1,2026-06-25 11:11:23
E190,76.55539157811886,OCTAVO,O2021-2,2026-2,2026-06-25 11:11:23
E191,81.29705332546241,NOVENO,O2021-2,2026-1,2026-06-25 11:11:23
E192,72.02222222222223,CUARTO,O2021-2,2025-1,2026-06-25 11:11:23
E193,67.53333333333333,PRIMER,O2021-2,2022-2,2026-06-25 11:11:24
E194,59.616666666666674,PRIMER,O2021-2,2022-2,2026-06-25 11:11:24
E195,66.28333333333333,PRIMER,O2021-2,2022-2,2026-06-25 11:11:24
E196,83.22749264995254,NOVENO,O2021-2,2026-1,2026-06-25 11:11:24
E197,61.216666666666676,PRIMER,O2021-2,2022-2,2026-06-25 11:11:24
E198,78.77402597402597,NOVENO,O2021-2,2026-1,2026-06-25 11:11:24
E199,76.73910984848484,CUARTO,O2021-2,2023-2,2026-06-25 11:11:24
E2,81.0,PRIMER,O2018-1,2018-1,2026-06-25 11:11:24
E20,64.53333333333333,PRIMER,O2018-1,2019-1,2026-06-25 11:11:25
E200,82.40677882723338,NOVENO,O2021-2,2026-1,2026-06-25 11:11:25
E201,72.41934046345813,SEPTIMO,O2022-1,2026-2,2026-06-25 11:11:25
E202,73.5037037037037,QUINTO,O2022-1,2026-2,2026-06-25 11:11:25
E203,76.9,PRIMER,O2022-1,2022-1,2026-06-25 11:11:25
E204,63.066666666666684,PRIMER,O2022-1,2023-1,2026-06-25 11:11:25
E205,83.38616071428572,CUARTO,O2022-1,2023-2,2026-06-25 11:11:25
E206,73.62633547008548,CUARTO,O2022-1,2025-2,2026-06-25 11:11:26
E207,71.6720467032967,CUARTO,O2022-1,2025-1,2026-06-25 11:11:26
E208,76.49488795518207,SEPTIMO,O2022-1,2026-2,2026-06-25 11:11:26
E209,75.8491532976827,SEPTIMO,O2022-1,2026-2,2026-06-25 11:11:26
E21,79.34270833333333,CUARTO,O2018-1,2020-1,2026-06-25 11:11:26
E210,78.48195823784059,OCTAVO,O2022-1,2026-2,2026-06-25 11:11:27
E211,84.01733569460842,NOVENO,O2022-1,2026-2,2026-06-25 11:11:27
E212,69.9,PRIMER,O2022-1,2022-2,2026-06-25 11:11:27
E213,75.2704761904762,SEPTIMO,O2022-1,2026-2,2026-06-25 11:11:27
E214,64.6,PRIMER,O2022-1,2023-1,2026-06-25 11:11:27
E215,66.68333333333332,PRIMER,O2022-1,2023-1,2026-06-25 11:11:27
E216,65.6,PRIMER,O2022-1,2023-1,2026-06-25 11:11:28
E217,70.53333333333333,PRIMER,O2022-1,2023-1,2026-06-25 11:11:28
E218,75.03511689291102,SEPTIMO,O2022-1,2026-2,2026-06-25 11:11:28
E219,61.51666666666667,PRIMER,O2022-1,2023-1,2026-06-25 11:11:28
E22,60.683333333333316,PRIMER,O2018-1,2019-1,2026-06-25 11:11:28
E220,65.83333333333333,PRIMER,O2022-1,2023-1,2026-06-25 11:11:28
E221,64.03333333333333,PRIMER,O2022-1,2023-1,2026-06-25 11:11:28
E222,80.16964285714286,CUARTO,O2022-1,2023-2,2026-06-25 11:11:28
E223,83.83351042896497,NOVENO,O2022-1,2026-2,2026-06-25 11:11:29
E224,65.06666666666666,PRIMER,O2022-1,2023-1,2026-06-25 11:11:29
E225,72.98666666666666,SEGUNDO,O2022-1,2023-2,2026-06-25 11:11:29
E226,80.39390003935459,OCTAVO,O2022-2,2026-2,2026-06-25 11:11:29
E227,65.88333333333334,PRIMER,O2022-2,2023-2,2026-06-25 11:11:29
E228,73.07277466542172,QUINTO,O2022-2,2026-2,2026-06-25 11:11:29
E229,76.11347662141779,SEPTIMO,O2022-2,2026-2,2026-06-25 11:11:30
E23,80.68138528138527,NOVENO,O2018-1,2022-2,2026-06-25 11:11:30
E230,81.49393939393939,OCTAVO,O2022-2,2026-2,2026-06-25 11:11:30
E231,82.51534828807556,OCTAVO,O2022-2,2026-2,2026-06-25 11:11:30
E232,83.9973829201102,OCTAVO,O2022-2,2026-2,2026-06-25 11:11:31
E233,79.19421487603306,OCTAVO,O2022-2,2026-2,2026-06-25 11:11:31
E234,59.433333333333316,PRIMER,O2022-2,2023-2,2026-06-25 11:11:31
E235,77.18870523415978,OCTAVO,O2022-2,2026-2,2026-06-25 11:11:31
E236,65.38333333333334,PRIMER,O2022-2,2023-2,2026-06-25 11:11:31
E237,68.82670454545453,CUARTO,O2022-2,2025-2,2026-06-25 11:11:31
E238,68.85648148148148,SEGUNDO,O2022-2,2024-2,2026-06-25 11:11:32
E239,66.21666666666667,PRIMER,O2022-2,2023-2,2026-06-25 11:11:32
E24,75.86152973586128,OCTAVO,O2018-1,2022-2,2026-06-25 11:11:32
E240,78.9556277056277,OCTAVO,O2022-2,2026-2,2026-06-25 11:11:32
E241,82.26573426573427,OCTAVO,O2022-2,2026-2,2026-06-25 11:11:32
E242,70.12,PRIMER,O2022-2,2023-2,2026-06-25 11:11:32
E243,75.50694444444444,SEGUNDO,O2022-2,2024-1,2026-06-25 11:11:33
E244,82.3771546635183,OCTAVO,O2022-2,2026-2,2026-06-25 11:11:33
E245,79.47727272727273,OCTAVO,O2022-2,2026-2,2026-06-25 11:11:33
E246,69.38333333333334,PRIMER,O2022-2,2023-1,2026-06-25 11:11:33
E247,73.97619047619048,SEPTIMO,O2022-2,2026-2,2026-06-25 11:11:34
E248,72.41547619047618,SEGUNDO,O2022-2,2024-1,2026-06-25 11:11:34
E249,74.37622807017544,SEXTO,O2022-2,2026-2,2026-06-25 11:11:34
E25,86.8,PRIMER,O2018-1,2018-1,2026-06-25 11:11:34
E250,67.05,PRIMER,O2022-2,2023-2,2026-06-25 11:11:34
E251,79.15,SEPTIMO,O2023-1,2026-2,2026-06-25 11:11:34
E252,81.3469696969697,SEPTIMO,O2023-1,2026-2,2026-06-25 11:11:35
E253,74.75559625559626,SEXTO,O2023-1,2026-2,2026-06-25 11:11:35
E254,79.06839826839827,SEPTIMO,O2023-1,2026-2,2026-06-25 11:11:35
E255,84.84757575757575,SEPTIMO,O2023-1,2026-2,2026-06-25 11:11:35
E256,66.73333333333332,PRIMER,O2023-1,2024-1,2026-06-25 11:11:35
E257,79.1383597883598,SEPTIMO,O2023-1,2026-2,2026-06-25 11:11:36
E258,65.38666666666667,PRIMER,O2023-1,2024-1,2026-06-25 11:11:36
E259,71.6,PRIMER,O2023-1,2024-1,2026-06-25 11:11:36
E26,57.9,PRIMER,O2018-2,2019-2,2026-06-25 11:11:36
E260,76.51759259259259,QUINTO,O2023-1,2026-2,2026-06-25 11:11:36
E261,60.70000000000001,PRIMER,O2023-1,2024-1,2026-06-25 11:11:36
E262,71.11805555555556,SEGUNDO,O2023-1,2025-1,2026-06-25 11:11:36
E263,63.416666666666664,PRIMER,O2023-1,2024-1,2026-06-25 11:11:36
E264,85.5,PRIMER,O2023-1,2023-1,2026-06-25 11:11:36
E265,69.7878787878788,SEGUNDO,O2023-1,2025-2,2026-06-25 11:11:36
E266,65.83333333333334,PRIMER,O2023-1,2024-1,2026-06-25 11:11:37
E267,69.76785714285714,TERCERO,O2023-1,2025-1,2026-06-25 11:11:37
E268,70.22905844155844,CUARTO,O2023-1,2026-1,2026-06-25 11:11:37
E269,77.63071895424837,SEXTO,O2023-1,2026-2,2026-06-25 11:11:37
E27,62.23333333333333,PRIMER,O2018-2,2019-2,2026-06-25 11:11:37
E270,79.0,PRIMER,O2023-1,2023-1,2026-06-25 11:11:37
E271,82.9,PRIMER,O2023-1,2023-1,2026-06-25 11:11:37
E272,84.34500000000001,SEPTIMO,O2023-1,2026-2,2026-06-25 11:11:37
E273,77.8,PRIMER,O2023-1,2023-1,2026-06-25 11:11:37
E274,72.41269841269842,TERCERO,O2023-1,2025-1,2026-06-25 11:11:38
E275,77.32723063973064,SEXTO,O2023-1,2026-2,2026-06-25 11:11:38
E276,72.16499999999999,PRIMER,O2023-2,2024-2,2026-06-25 11:11:38
E277,66.58333333333334,PRIMER,O2023-2,2024-2,2026-06-25 11:11:38
E278,74.5,PRIMER,O2023-2,2023-2,2026-06-25 11:11:38
E279,81.88974358974359,SEXTO,O2023-2,2026-2,2026-06-25 11:11:38
E28,72.4,PRIMER,O2018-2,2019-2,2026-06-25 11:11:38
E280,74.86666666666666,PRIMER,O2023-2,2024-1,2026-06-25 11:11:38
E281,74.04641654641654,QUINTO,O2023-2,2026-2,2026-06-25 11:11:38
E282,75.50384615384615,QUINTO,O2023-2,2026-2,2026-06-25 11:11:39
E283,75.58196248196248,QUINTO,O2023-2,2026-2,2026-06-25 11:11:39
E284,68.25,PRIMER,O2023-2,2024-2,2026-06-25 11:11:39
E285,68.81190476190476,SEGUNDO,O2023-2,2025-1,2026-06-25 11:11:39
E286,66.08333333333333,PRIMER,O2023-2,2024-2,2026-06-25 11:11:39
E287,79.32150997150998,SEXTO,O2023-2,2026-2,2026-06-25 11:11:39
E288,84.87723214285714,CUARTO,O2023-2,2025-1,2026-06-25 11:11:39
E289,82.28688163688163,SEXTO,O2023-2,2026-2,2026-06-25 11:11:39
E29,86.0,PRIMER,O2018-2,2018-2,2026-06-25 11:11:40
E290,63.85,PRIMER,O2023-2,2024-2,2026-06-25 11:11:40
E291,67.41999999999999,PRIMER,O2023-2,2024-2,2026-06-25 11:11:40
E292,82.81797461797461,SEXTO,O2023-2,2026-2,2026-06-25 11:11:40
E293,62.966666666666676,PRIMER,O2023-2,2024-2,2026-06-25 11:11:40
E294,76.86979166666666,CUARTO,O2023-2,2025-1,2026-06-25 11:11:40
E295,69.0,PRIMER,O2023-2,2024-2,2026-06-25 11:11:40
E296,85.65181300181298,SEXTO,O2023-2,2026-2,2026-06-25 11:11:40
E297,85.98409738409741,SEXTO,O2023-2,2026-2,2026-06-25 11:11:40
E298,69.7,PRIMER,O2023-2,2024-2,2026-06-25 11:11:41
E299,72.93333333333334,PRIMER,O2023-2,2024-1,2026-06-25 11:11:41
E3,70.89333333333335,PRIMER,O2018-1,2019-1,2026-06-25 11:11:41
E30,84.42470975993703,NOVENO,O2018-2,2023-1,2026-06-25 11:11:41
E300,80.28333333333333,PRIMER,O2023-2,2024-1,2026-06-25 11:11:41
E301,73.11363636363636,CUARTO,O2024-1,2026-2,2026-06-25 11:11:41
E302,66.00962846677133,TERCERO,O2024-1,2026-2,2026-06-25 11:11:41
E303,74.72063492063492,PRIMER,O2024-1,2025-1,2026-06-25 11:11:41
E304,65.26666666666668,PRIMER,O2024-1,2025-1,2026-06-25 11:11:41
E305,61.6,PRIMER,O2024-1,2025-1,2026-06-25 11:11:41
E306,71.26851851851852,SEGUNDO,O2024-1,2026-1,2026-06-25 11:11:42
E307,60.133333333333326,PRIMER,O2024-1,2025-1,2026-06-25 11:11:42
E308,79.38148148148147,QUINTO,O2024-1,2026-2,2026-06-25 11:11:42
E309,73.13333333333334,PRIMER,O2024-1,2024-2,2026-06-25 11:11:42
E31,68.01333333333334,PRIMER,O2018-2,2019-2,2026-06-25 11:11:42
E310,70.25,PRIMER,O2024-1,2025-1,2026-06-25 11:11:42
E311,60.416666666666664,PRIMER,O2024-1,2025-1,2026-06-25 11:11:42
E312,63.416666666666664,PRIMER,O2024-1,2025-1,2026-06-25 11:11:42
E313,63.48333333333333,PRIMER,O2024-1,2025-1,2026-06-25 11:11:42
E314,63.333333333333336,PRIMER,O2024-1,2025-1,2026-06-25 11:11:42
E315,69.47999999999999,PRIMER,O2024-1,2025-1,2026-06-25 11:11:42
E316,73.85,TERCERO,O2024-1,2026-2,2026-06-25 11:11:43
E317,77.27272727272728,CUARTO,O2024-1,2026-2,2026-06-25 11:11:43
E318,66.21666666666667,PRIMER,O2024-1,2025-1,2026-06-25 11:11:43
E319,74.58617424242425,QUINTO,O2024-1,2026-2,2026-06-25 11:11:43
E32,76.42848654613361,NOVENO,O2018-2,2024-2,2026-06-25 11:11:43
E320,74.86098484848485,CUARTO,O2024-1,2026-2,2026-06-25 11:11:44
E321,63.98333333333333,PRIMER,O2024-1,2025-1,2026-06-25 11:11:44
E322,82.32777777777777,SEXTO,O2024-1,2026-2,2026-06-25 11:11:44
E323,76.56212121212121,QUINTO,O2024-1,2026-2,2026-06-25 11:11:44
E324,75.23768939393939,CUARTO,O2024-1,2026-2,2026-06-25 11:11:44
E325,72.79715909090909,TERCERO,O2024-1,2026-2,2026-06-25 11:11:44
E326,79.66388888888889,CUARTO,O2024-2,2026-2,2026-06-25 11:11:44
E327,59.75,PRIMER,O2024-2,2025-2,2026-06-25 11:11:45
E328,80.37916666666666,CUARTO,O2024-2,2026-2,2026-06-25 11:11:45
E329,72.56666666666668,TERCERO,O2024-2,2026-2,2026-06-25 11:11:45
E33,67.01666666666667,PRIMER,O2018-2,2019-2,2026-06-25 11:11:45
E330,65.48333333333333,PRIMER,O2024-2,2025-2,2026-06-25 11:11:45
E331,83.1,PRIMER,O2024-2,2024-2,2026-06-25 11:11:45
E332,64.28333333333333,PRIMER,O2024-2,2025-2,2026-06-25 11:11:45
E333,78.75972222222222,QUINTO,O2024-2,2026-2,2026-06-25 11:11:45
E334,77.93571428571428,SEGUNDO,O2024-2,2026-2,2026-06-25 11:11:45
E335,66.65,PRIMER,O2024-2,2025-2,2026-06-25 11:11:46
E336,82.8285984848485,CUARTO,O2024-2,2026-2,2026-06-25 11:11:46
E337,70.35333333333332,SEGUNDO,O2024-2,2026-1,2026-06-25 11:11:46
E338,82.28888888888889,QUINTO,O2024-2,2026-2,2026-06-25 11:11:46
E339,76.12973484848484,CUARTO,O2024-2,2026-2,2026-06-25 11:11:46
E34,76.81926406926407,NOVENO,O2018-2,2023-2,2026-06-25 11:11:46
E340,81.65833333333333,CUARTO,O2024-2,2026-2,2026-06-25 11:11:47
E341,76.29236111111112,TERCERO,O2024-2,2026-2,2026-06-25 11:11:47
E342,73.15937500000001,CUARTO,O2024-2,2026-2,2026-06-25 11:11:47
E343,83.65694444444445,QUINTO,O2024-2,2026-2,2026-06-25 11:11:47
E344,71.61944444444444,TERCERO,O2024-2,2026-2,2026-06-25 11:11:47
E345,70.9,PRIMER,O2024-2,2025-2,2026-06-25 11:11:47
E346,83.62777777777778,QUINTO,O2024-2,2026-2,2026-06-25 11:11:47
E347,75.27320075757575,CUARTO,O2024-2,2026-2,2026-06-25 11:11:47
E348,73.10729166666667,CUARTO,O2024-2,2026-2,2026-06-25 11:11:48
E349,78.79829545454545,CUARTO,O2024-2,2026-2,2026-06-25 11:11:48
E35,69.14666666666668,PRIMER,O2018-2,2019-2,2026-06-25 11:11:48
E350,82.5625,QUINTO,O2024-2,2026-2,2026-06-25 11:11:48
E351,64.01666666666668,PRIMER,O2025-1,2026-1,2026-06-25 11:11:48
E352,80.95684523809524,CUARTO,O2025-1,2026-2,2026-06-25 11:11:48
E353,62.916666666666664,PRIMER,O2025-1,2026-1,2026-06-25 11:11:48
E354,69.79333333333334,PRIMER,O2025-1,2026-1,2026-06-25 11:11:48
E355,80.375,CUARTO,O2025-1,2026-2,2026-06-25 11:11:48
E356,69.99142857142857,SEGUNDO,O2025-1,2026-2,2026-06-25 11:11:49
E357,72.71875,SEGUNDO,O2025-1,2026-2,2026-06-25 11:11:49
E358,69.88333333333334,PRIMER,O2025-1,2026-1,2026-06-25 11:11:49
E359,64.61666666666667,PRIMER,O2025-1,2026-1,2026-06-25 11:11:49
E36,63.933333333333316,PRIMER,O2018-2,2019-2,2026-06-25 11:11:49
E360,74.86979166666666,TERCERO,O2025-1,2026-2,2026-06-25 11:11:49
E361,82.5,PRIMER,O2025-1,2025-1,2026-06-25 11:11:49
E362,71.8,TERCERO,O2025-1,2026-2,2026-06-25 11:11:49
E363,66.66666666666666,PRIMER,O2025-1,2026-1,2026-06-25 11:11:50
E364,66.1,PRIMER,O2025-1,2026-1,2026-06-25 11:11:50
E365,71.43333333333332,PRIMER,O2025-1,2026-1,2026-06-25 11:11:50
E366,69.35,PRIMER,O2025-1,2026-1,2026-06-25 11:11:50
E367,69.4,PRIMER,O2025-1,2026-1,2026-06-25 11:11:50
E368,76.65,PRIMER,O2025-1,2025-2,2026-06-25 11:11:50
E369,78.33407738095238,CUARTO,O2025-1,2026-2,2026-06-25 11:11:50
E37,73.87786834377744,SEPTIMO,O2018-2,2024-1,2026-06-25 11:11:50
E370,78.84895833333334,TERCERO,O2025-1,2026-2,2026-06-25 11:11:50
E371,66.75,PRIMER,O2025-1,2026-1,2026-06-25 11:11:51
E372,62.36666666666665,PRIMER,O2025-1,2026-1,2026-06-25 11:11:51
E373,78.26488095238095,TERCERO,O2025-1,2026-2,2026-06-25 11:11:51
E374,81.390625,TERCERO,O2025-1,2026-2,2026-06-25 11:11:51
E375,81.28571428571428,TERCERO,O2025-1,2026-2,2026-06-25 11:11:51
E376,76.27777777777779,SEGUNDO,O2025-2,2026-2,2026-06-25 11:11:51
E377,80.06938775510204,TERCERO,O2025-2,2026-2,2026-06-25 11:11:51
E378,78.59920634920636,SEGUNDO,O2025-2,2026-2,2026-06-25 11:11:51
E379,81.36530612244898,TERCERO,O2025-2,2026-2,2026-06-25 11:11:51
E38,79.02008928571428,CUARTO,O2018-2,2020-1,2026-06-25 11:11:51
E380,75.41020408163264,SEGUNDO,O2025-2,2026-2,2026-06-25 11:11:52
E381,81.89365079365079,SEGUNDO,O2025-2,2026-2,2026-06-25 11:11:52
E382,66.58333333333334,PRIMER,O2025-2,2026-2,2026-06-25 11:11:52
E383,68.75,PRIMER,O2025-2,2026-2,2026-06-25 11:11:52
E384,66.58333333333334,PRIMER,O2025-2,2026-2,2026-06-25 11:11:52
E385,79.98775510204082,TERCERO,O2025-2,2026-2,2026-06-25 11:11:52
E386,76.23333333333333,PRIMER,O2025-2,2026-2,2026-06-25 11:11:52
E387,60.666666666666664,PRIMER,O2025-2,2026-2,2026-06-25 11:11:52
E388,67.06666666666668,PRIMER,O2025-2,2026-2,2026-06-25 11:11:52
E389,70.23015873015873,PRIMER,O2025-2,2026-2,2026-06-25 11:11:52
E39,62.95000000000001,PRIMER,O2018-2,2019-2,2026-06-25 11:11:53
E390,76.75,PRIMER,O2025-2,2026-2,2026-06-25 11:11:53
E391,80.01020408163265,SEGUNDO,O2025-2,2026-2,2026-06-25 11:11:53
E392,62.53333333333334,PRIMER,O2025-2,2026-2,2026-06-25 11:11:53
E393,64.56666666666666,PRIMER,O2025-2,2026-2,2026-06-25 11:11:53
E394,74.44444444444444,PRIMER,O2025-2,2026-2,2026-06-25 11:11:53
E395,68.8,PRIMER,O2025-2,2026-2,2026-06-25 11:11:53
E396,85.21428571428571,SEGUNDO,O2025-2,2026-2,2026-06-25 11:11:53
E397,79.89591836734694,TERCERO,O2025-2,2026-2,2026-06-25 11:11:53
E398,82.9,PRIMER,O2025-2,2025-2,2026-06-25 11:11:53
E399,80.98367346938775,TERCERO,O2025-2,2026-2,2026-06-25 11:11:53
E4,63.1,PRIMER,O2018-1,2019-1,2026-06-25 11:11:54
E40,64.56666666666668,PRIMER,O2018-2,2019-2,2026-06-25 11:11:54
E400,67.08000000000001,PRIMER,O2025-2,2026-2,2026-06-25 11:11:54
E41,71.15079365079364,SEGUNDO,O2018-2,2020-2,2026-06-25 11:11:54
E42,73.28571428571429,SEGUNDO,O2018-2,2020-2,2026-06-25 11:11:54
E43,62.48333333333333,PRIMER,O2018-2,2019-2,2026-06-25 11:11:54
E44,66.85,PRIMER,O2018-2,2019-2,2026-06-25 11:11:54
E45,74.2,SEGUNDO,O2018-2,2020-1,2026-06-25 11:11:54
E46,69.0,PRIMER,O2018-2,2019-2,2026-06-25 11:11:54
E47,76.62,PRIMER,O2018-2,2019-1,2026-06-25 11:11:54
E48,62.1,PRIMER,O2018-2,2019-2,2026-06-25 11:11:54
E49,74.55588023088025,NOVENO,O2018-2,2024-1,2026-06-25 11:11:55
E5,64.75,PRIMER,O2018-1,2019-1,2026-06-25 11:11:55
E50,74.46717171717172,NOVENO,O2018-2,2024-2,2026-06-25 11:11:55
E51,80.85979929161748,NOVENO,O2019-1,2023-2,2026-06-25 11:11:55
E52,80.81783216783217,NOVENO,O2019-1,2023-2,2026-06-25 11:11:56
E53,65.6,PRIMER,O2019-1,2020-1,2026-06-25 11:11:56
E54,63.216666666666676,PRIMER,O2019-1,2020-1,2026-06-25 11:11:56
E55,71.66,PRIMER,O2019-1,2020-1,2026-06-25 11:11:56
E56,77.17873792873793,NOVENO,O2019-1,2024-1,2026-06-25 11:11:56
E57,74.21493506493506,TERCERO,O2019-1,2021-1,2026-06-25 11:11:56
E58,70.20092592592592,SEGUNDO,O2019-1,2021-1,2026-06-25 11:11:56
E59,73.29800637958533,NOVENO,O2019-1,2025-1,2026-06-25 11:11:57
E6,76.61369047619048,OCTAVO,O2018-1,2023-2,2026-06-25 11:11:57
E60,71.03958333333334,TERCERO,O2019-1,2021-2,2026-06-25 11:11:57
E61,78.05952380952381,OCTAVO,O2019-1,2023-2,2026-06-25 11:11:58
E62,62.93333333333334,PRIMER,O2019-1,2020-1,2026-06-25 11:11:58
E63,66.3,PRIMER,O2019-1,2020-1,2026-06-25 11:11:58
E64,82.37467532467532,NOVENO,O2019-1,2023-2,2026-06-25 11:11:58
E65,81.63693427784337,NOVENO,O2019-1,2023-2,2026-06-25 11:11:58
E66,62.616666666666674,PRIMER,O2019-1,2020-1,2026-06-25 11:11:58
E67,79.6724321133412,NOVENO,O2019-1,2023-2,2026-06-25 11:11:59
E68,63.93333333333334,PRIMER,O2019-1,2020-1,2026-06-25 11:11:59
E69,77.64928177882724,NOVENO,O2019-1,2023-2,2026-06-25 11:11:59
E7,73.87443181818182,OCTAVO,O2018-1,2023-1,2026-06-25 11:11:59
E70,63.466666666666676,PRIMER,O2019-1,2020-1,2026-06-25 11:11:59
E71,74.17012987012988,NOVENO,O2019-1,2025-1,2026-06-25 11:12:00
E72,68.58666666666667,PRIMER,O2019-1,2020-1,2026-06-25 11:12:00
E73,77.79373143196672,NOVENO,O2019-1,2024-2,2026-06-25 11:12:00
E74,73.98309523809525,SEXTO,O2019-1,2023-2,2026-06-25 11:12:00
E75,70.40925925925926,SEGUNDO,O2019-1,2021-1,2026-06-25 11:12:01
E76,61.75,PRIMER,O2019-2,2020-2,2026-06-25 11:12:01
E77,75.75885780885781,OCTAVO,O2019-2,2024-2,2026-06-25 11:12:01
E78,79.5929115447832,NOVENO,O2019-2,2024-1,2026-06-25 11:12:01
E79,84.9,PRIMER,O2019-2,2019-2,2026-06-25 11:12:01
E8,80.72916666666666,NOVENO,O2018-1,2023-1,2026-06-25 11:12:02
E80,78.30958284140102,NOVENO,O2019-2,2024-2,2026-06-25 11:12:02
E81,79.37999311294766,NOVENO,O2019-2,2024-1,2026-06-25 11:12:02
E82,83.03441066509248,NOVENO,O2019-2,2024-1,2026-06-25 11:12:02
E83,61.816666666666684,PRIMER,O2019-2,2020-2,2026-06-25 11:12:03
E84,68.81,PRIMER,O2019-2,2020-2,2026-06-25 11:12:03
E85,74.51488095238095,NOVENO,O2019-2,2025-1,2026-06-25 11:12:03
E86,71.30357142857143,SEGUNDO,O2019-2,2021-1,2026-06-25 11:12:03
E87,69.25666666666666,PRIMER,O2019-2,2020-2,2026-06-25 11:12:03
E88,74.87991175491176,NOVENO,O2019-2,2025-2,2026-06-25 11:12:04
E89,64.13333333333334,PRIMER,O2019-2,2020-2,2026-06-25 11:12:04
E9,67.2,PRIMER,O2018-1,2019-1,2026-06-25 11:12:04
E90,79.56907887121791,NOVENO,O2019-2,2024-1,2026-06-25 11:12:04
E91,68.86666666666666,PRIMER,O2019-2,2020-2,2026-06-25 11:12:04
E92,84.2107438016529,NOVENO,O2019-2,2024-2,2026-06-25 11:12:05
E93,71.34693877551021,SEGUNDO,O2019-2,2021-2,2026-06-25 11:12:05
E94,66.8,PRIMER,O2019-2,2020-2,2026-06-25 11:12:05
E95,64.88333333333333,PRIMER,O2019-2,2020-2,2026-06-25 11:12:05
E96,58.366666666666674,PRIMER,O2019-2,2020-2,2026-06-25 11:12:05
E97,63.29999999999999,PRIMER,O2019-2,2020-2,2026-06-25 11:12:05
E98,75.24791999444405,NOVENO,O2019-2,2025-1,2026-06-25 11:12:05
E99,76.5752840909091,CUARTO,O2019-2,2021-2,2026-06-25 11:12:06
