ID_EST,RA1,RA10,RA11,RA12,RA2,RA3,RA4,RA5,RA6,RA7,RA9,Periodo,PERFIL_Promedio,Nivel,ID_Cohorte,Fecha_corte,desempeño,repitencia,deserción,COMP_C1,COMP_C2,COMP_C3
E1,71.92857142857143,,,75.5,78.0,81.0,76.0,71.0,71.0,70.8,72.85714285714286,2021-2,74.23174603174604,QUINTO,O2018-1,2026-06-25 11:11:05,72.93,7,1,74.23174603174604,74.23174603174604,74.23174603174604
E10,86.36363636363636,79.33333333333333,85.0,81.5,88.5,84.5,77.0,79.0,83.0,84.71428571428571,81.5625,2022-2,82.77034140102322,NOVENO,O2018-1,2026-06-25 11:11:05,83.41,1,0,82.77034140102322,82.77034140102322,82.77034140102322
E100,79.63636363636364,82.0,80.0,78.71428571428571,78.0,95.0,79.0,74.0,86.75,83.0,80.2,2024-1,81.4818772136954,NOVENO,O2019-2,2026-06-25 11:11:05,81.05,1,0,81.4818772136954,81.4818772136954,81.4818772136954
E101,70.5,,,,79.5,,,68.0,77.0,,72.0,2021-1,73.4,PRIMER,O2020-1,2026-06-25 11:11:05,72.23,2,1,73.4,73.4,73.4
E102,77.36363636363636,76.33333333333333,79.0,79.14285714285714,75.5,79.0,79.0,85.0,73.2,78.5,77.75,2025-1,78.16271153089336,NOVENO,O2020-1,2026-06-25 11:11:06,77.54,4,0,78.16271153089336,78.16271153089336,78.16271153089336
E103,84.0,,,75.0,79.0,,80.0,91.0,79.33333333333333,84.0,82.6,2022-1,81.86666666666666,CUARTO,O2020-1,2026-06-25 11:11:06,82.37,1,0,81.86666666666666,81.86666666666666,81.86666666666666
E104,71.875,69.16666666666667,72.0,72.55555555555556,74.25,73.5,80.0,77.0,74.0,78.57142857142857,73.89473684210526,2026-1,74.25576251234146,NOVENO,O2020-1,2026-06-25 11:11:07,73.44,11,0,74.25576251234146,74.25576251234146,74.25576251234146
E105,74.35714285714286,,,72.5,81.66666666666667,72.0,72.0,73.0,74.0,72.375,74.8125,2024-2,74.07903439153439,SEPTIMO,O2020-1,2026-06-25 11:11:07,74.25,9,1,74.07903439153439,74.07903439153439,74.07903439153439
E106,63.75,,,,64.0,,,63.666666666666664,76.0,,70.0,2021-1,67.48333333333332,PRIMER,O2020-1,2026-06-25 11:11:07,65.57,4,1,67.48333333333332,67.48333333333332,67.48333333333332
E107,64.0,,,,57.0,,,64.0,57.0,,52.5,2021-1,58.9,PRIMER,O2020-1,2026-06-25 11:11:07,59.54,6,1,58.9,58.9,58.9
E108,67.25,,,,64.66666666666667,,,71.0,63.666666666666664,,56.0,2021-1,64.51666666666668,PRIMER,O2020-1,2026-06-25 11:11:07,64.38,5,1,64.51666666666668,64.51666666666668,64.51666666666668
E109,70.83333333333333,,,,74.5,,,78.0,82.0,,75.66666666666667,2021-1,76.2,PRIMER,O2020-1,2026-06-25 11:11:07,73.92,1,1,76.2,76.2,76.2
E11,61.0,,,,61.5,,,55.666666666666664,69.5,,58.5,2019-1,61.23333333333333,PRIMER,O2018-1,2026-06-25 11:11:08,60.77,6,1,61.23333333333333,61.23333333333333,61.23333333333333
E110,83.18181818181819,77.0,84.0,84.66666666666667,82.25,76.0,83.0,82.0,77.25,86.57142857142857,78.5625,2024-2,81.31658303817395,NOVENO,O2020-1,2026-06-25 11:11:08,81.36,1,0,81.31658303817395,81.31658303817395,81.31658303817395
E111,66.5,,,,64.0,,,70.0,65.0,,66.5,2021-1,66.4,PRIMER,O2020-1,2026-06-25 11:11:08,65.85,4,1,66.4,66.4,66.4
E112,65.25,,,,69.0,,,61.333333333333336,70.0,,68.0,2021-1,66.71666666666667,PRIMER,O2020-1,2026-06-25 11:11:08,66.08,4,1,66.71666666666667,66.71666666666667,66.71666666666667
E113,77.07692307692308,80.66666666666667,89.0,86.33333333333333,78.5,89.5,70.0,75.0,80.5,79.0,82.26666666666667,2024-2,80.71305361305362,NOVENO,O2020-1,2026-06-25 11:11:08,80.67,2,0,80.71305361305362,80.71305361305362,80.71305361305362
E114,70.66666666666667,,,,70.5,,,71.0,69.66666666666667,,71.0,2021-2,70.56666666666668,SEGUNDO,O2020-1,2026-06-25 11:11:09,70.6,4,1,70.56666666666668,70.56666666666668,70.56666666666668
E115,69.5,,,,66.0,,,66.0,67.66666666666667,,68.5,2021-1,67.53333333333333,PRIMER,O2020-1,2026-06-25 11:11:09,67.71,5,1,67.53333333333333,67.53333333333333,67.53333333333333
E116,59.5,,,,56.0,,,60.0,56.0,,61.0,2021-1,58.5,PRIMER,O2020-1,2026-06-25 11:11:09,58.57,6,1,58.5,58.5,58.5
E117,74.07142857142857,74.0,72.0,78.0,73.75,76.0,86.0,87.0,76.0,74.57142857142857,76.55555555555556,2025-1,77.08621933621933,NOVENO,O2020-1,2026-06-25 11:11:09,75.76,6,0,77.08621933621933,77.08621933621933,77.08621933621933
E118,73.46153846153847,73.0,80.0,74.25,73.5,76.0,74.0,73.0,71.5,75.75,73.29411764705883,2025-2,74.34142328259975,OCTAVO,O2020-1,2026-06-25 11:11:09,73.82,8,0,74.34142328259975,74.34142328259975,74.34142328259975
E119,68.125,,,,73.5,,66.0,70.0,74.0,,69.6,2021-2,70.20416666666667,SEGUNDO,O2020-1,2026-06-25 11:11:09,69.47,5,1,70.20416666666667,70.20416666666667,70.20416666666667
E12,78.41666666666667,75.66666666666667,81.0,76.42857142857143,72.85714285714286,77.0,82.0,80.0,77.4,77.57142857142857,77.58823529411765,2023-1,77.81170104405399,NOVENO,O2018-1,2026-06-25 11:11:10,77.13,7,0,77.81170104405399,77.81170104405399,77.81170104405399
E120,65.5,,,,61.0,,,65.66666666666667,59.0,,66.0,2021-1,63.43333333333334,PRIMER,O2020-1,2026-06-25 11:11:10,63.92,6,1,63.43333333333334,63.43333333333334,63.43333333333334
E121,63.25,,,,58.0,,,69.66666666666667,66.0,,66.5,2021-1,64.68333333333334,PRIMER,O2020-1,2026-06-25 11:11:10,64.93,6,1,64.68333333333334,64.68333333333334,64.68333333333334
E122,70.25,,,,69.33333333333333,,,70.0,67.0,,73.5,2021-1,70.01666666666667,PRIMER,O2020-1,2026-06-25 11:11:10,69.77,3,1,70.01666666666667,70.01666666666667,70.01666666666667
E123,70.26666666666667,,,70.66666666666667,72.0,76.0,69.0,65.66666666666667,74.5,68.83333333333333,72.23529411764706,2024-2,71.01873638344227,QUINTO,O2020-1,2026-06-25 11:11:10,70.89,15,1,71.01873638344227,71.01873638344227,71.01873638344227
E124,63.5,,,,54.75,,,62.333333333333336,63.0,,72.0,2021-1,63.116666666666674,PRIMER,O2020-1,2026-06-25 11:11:10,61.4,5,1,63.116666666666674,63.116666666666674,63.116666666666674
E125,60.0,,,,58.666666666666664,,,60.0,59.0,,71.0,2021-1,61.73333333333333,PRIMER,O2020-1,2026-06-25 11:11:11,60.38,5,1,61.73333333333333,61.73333333333333,61.73333333333333
E126,65.83333333333333,,,,65.5,,,71.0,76.0,,63.0,2021-2,68.26666666666667,PRIMER,O2020-2,2026-06-25 11:11:11,66.43,3,1,68.26666666666667,68.26666666666667,68.26666666666667
E127,83.36363636363636,78.0,85.0,83.83333333333333,81.8,79.5,73.0,77.0,81.0,84.14285714285714,83.2,2025-1,80.89452971271153,NOVENO,O2020-2,2026-06-25 11:11:11,82.46,1,0,80.89452971271153,80.89452971271153,80.89452971271153
E128,76.46153846153847,74.75,83.0,73.28571428571429,76.0,86.5,77.0,82.0,75.6,75.0,77.73333333333333,2026-1,77.9391441891442,NOVENO,O2020-2,2026-06-25 11:11:11,76.52,8,0,77.9391441891442,77.9391441891442,77.9391441891442
E129,86.36363636363636,91.33333333333333,94.0,81.83333333333333,84.0,77.5,91.0,82.0,81.5,86.42857142857143,84.73333333333333,2025-1,85.51747343565525,NOVENO,O2020-2,2026-06-25 11:11:12,85.0,0,0,85.51747343565525,85.51747343565525,85.51747343565525
E13,72.375,,,77.0,70.25,,76.0,69.0,77.5,69.2,71.64285714285714,2021-1,72.87098214285714,QUINTO,O2018-1,2026-06-25 11:11:12,71.76,7,1,72.87098214285714,72.87098214285714,72.87098214285714
E130,65.25,,,,62.333333333333336,,,70.0,67.0,,60.333333333333336,2021-2,64.98333333333333,PRIMER,O2020-2,2026-06-25 11:11:12,64.29,4,1,64.98333333333333,64.98333333333333,64.98333333333333
E131,77.76923076923077,78.0,76.0,78.16666666666667,76.5,72.0,92.0,76.0,81.0,81.14285714285714,77.2,2025-1,78.70715950715952,NOVENO,O2020-2,2026-06-25 11:11:12,78.1,3,0,78.70715950715952,78.70715950715952,78.70715950715952
E132,83.5,,,,72.0,,,82.0,78.0,,81.0,2020-2,79.3,PRIMER,O2020-2,2026-06-25 11:11:12,80.0,0,0,79.3,79.3,79.3
E133,80.0,88.0,76.0,81.66666666666667,79.75,76.33333333333333,82.0,88.0,83.0,82.71428571428571,82.86666666666666,2025-1,81.84826839826839,NOVENO,O2020-2,2026-06-25 11:11:13,81.82,1,0,81.84826839826839,81.84826839826839,81.84826839826839
E134,67.125,,,,78.5,,,77.0,80.0,,68.0,2021-2,74.125,PRIMER,O2020-2,2026-06-25 11:11:13,69.94,4,0,74.125,74.125,74.125
E135,74.71428571428571,79.0,84.0,74.85714285714286,75.6,76.0,73.0,69.0,74.0,73.7,75.16666666666667,2026-1,75.36709956709957,NOVENO,O2020-2,2026-06-25 11:11:13,74.88,12,0,75.36709956709957,75.36709956709957,75.36709956709957
E136,64.5,,,,71.0,,,72.0,91.0,,68.5,2021-2,73.4,PRIMER,O2020-2,2026-06-25 11:11:13,69.5,3,1,73.4,73.4,73.4
E137,81.5,,,,72.0,,,80.0,84.0,,76.0,2020-2,78.7,PRIMER,O2020-2,2026-06-25 11:11:13,79.17,0,0,78.7,78.7,78.7
E138,65.75,,,,62.5,,,65.0,67.5,,60.0,2021-2,64.15,PRIMER,O2020-2,2026-06-25 11:11:13,64.14,5,1,64.15,64.15,64.15
E139,64.0,,,,61.0,,,66.66666666666667,62.0,,57.0,2021-2,62.13333333333335,PRIMER,O2020-2,2026-06-25 11:11:13,62.5,5,1,62.13333333333334,62.13333333333334,62.13333333333334
E14,73.77777777777777,,,73.0,82.0,,83.0,70.66666666666667,76.33333333333333,73.0,78.125,2020-1,76.23784722222223,TERCERO,O2018-1,2026-06-25 11:11:14,75.93,5,0,76.23784722222223,76.23784722222223,76.23784722222223
E140,69.5,,,,68.0,,,64.33333333333333,70.5,,67.0,2021-2,67.86666666666666,PRIMER,O2020-2,2026-06-25 11:11:14,67.85,4,1,67.86666666666666,67.86666666666666,67.86666666666666
E141,60.333333333333336,,,,68.0,,,71.0,69.0,,71.0,2021-2,67.86666666666667,PRIMER,O2020-2,2026-06-25 11:11:14,65.31,3,1,67.86666666666667,67.86666666666667,67.86666666666667
E142,64.25,,,,61.5,,,62.0,57.0,,65.5,2021-2,62.04999999999999,PRIMER,O2020-2,2026-06-25 11:11:14,62.38,6,1,62.05,62.05,62.05
E143,78.66666666666667,78.66666666666667,81.0,77.5,81.75,76.0,87.0,82.0,77.4,80.14285714285714,81.46666666666667,2025-1,80.1448051948052,NOVENO,O2020-2,2026-06-25 11:11:14,79.72,2,0,80.1448051948052,80.1448051948052,80.1448051948052
E144,79.0,,,76.0,78.0,,81.0,76.0,70.5,75.66666666666667,78.4,2023-1,76.82083333333333,CUARTO,O2020-2,2026-06-25 11:11:14,77.16,1,1,76.82083333333333,76.82083333333333,76.82083333333333
E145,68.25,,,,64.33333333333333,,,75.0,67.33333333333333,,63.333333333333336,2021-2,67.64999999999999,PRIMER,O2020-2,2026-06-25 11:11:14,66.64,4,1,67.64999999999999,67.64999999999999,67.64999999999999
E146,70.57142857142857,,,,68.0,,71.0,73.0,79.0,,72.2,2021-2,72.29523809523809,PRIMER,O2020-2,2026-06-25 11:11:14,71.22,4,0,72.29523809523809,72.29523809523809,72.29523809523809
E147,81.9090909090909,89.33333333333333,82.0,82.66666666666667,79.75,79.5,93.0,95.0,78.0,77.875,78.72222222222223,2025-1,83.43239210284665,OCTAVO,O2020-2,2026-06-25 11:11:15,80.72,5,0,83.43239210284665,83.43239210284665,83.43239210284665
E148,82.9090909090909,83.33333333333333,81.0,80.83333333333333,84.5,87.5,81.0,83.0,84.25,84.14285714285714,82.4,2025-1,83.1698740653286,NOVENO,O2020-2,2026-06-25 11:11:15,83.04,0,0,83.1698740653286,83.1698740653286,83.1698740653286
E149,65.75,,,,70.0,,,72.0,71.0,,66.33333333333333,2022-1,69.01666666666667,SEGUNDO,O2020-2,2026-06-25 11:11:15,67.21,6,1,69.01666666666667,69.01666666666667,69.01666666666667
E15,59.0,,,,63.5,,,60.666666666666664,57.5,,54.5,2019-1,59.033333333333324,PRIMER,O2018-1,2026-06-25 11:11:15,59.15,6,1,59.033333333333324,59.033333333333324,59.033333333333324
E150,73.33333333333333,,,,68.16666666666667,,,72.0,73.0,,74.0,2022-1,72.1,SEGUNDO,O2020-2,2026-06-25 11:11:15,71.79,4,1,72.1,72.1,72.1
E151,77.18181818181819,79.33333333333333,83.0,83.66666666666667,82.75,74.66666666666667,88.0,86.0,82.5,82.71428571428571,81.88235294117646,2025-2,81.97228395490427,NOVENO,O2021-1,2026-06-25 11:11:16,81.07,3,0,81.97228395490427,81.97228395490427,81.97228395490427
E152,80.5,78.0,83.0,80.5,80.5,84.0,83.0,87.0,79.6,82.28571428571429,82.86666666666666,2025-2,81.93203463203464,NOVENO,O2021-1,2026-06-25 11:11:16,81.46,2,0,81.93203463203464,81.93203463203464,81.93203463203464
E153,84.28571428571429,,,84.0,83.66666666666667,,80.0,78.0,77.0,75.0,85.5,2022-2,80.93154761904762,CUARTO,O2021-1,2026-06-25 11:11:16,83.17,0,0,80.93154761904762,80.93154761904762,80.93154761904762
E154,68.5,,,,66.5,,,77.0,68.5,,69.5,2022-1,70.0,PRIMER,O2021-1,2026-06-25 11:11:16,69.0,4,1,70.0,70.0,70.0
E155,75.25,,,83.0,66.66666666666667,,65.5,72.0,69.0,,70.375,2023-1,71.68452380952381,SEGUNDO,O2021-1,2026-06-25 11:11:16,71.56,6,1,71.68452380952381,71.68452380952381,71.68452380952381
E156,66.9090909090909,,,71.0,71.5,,66.33333333333333,68.0,76.0,,70.25,2023-1,69.99891774891775,SEGUNDO,O2021-1,2026-06-25 11:11:17,68.68,7,1,69.99891774891775,69.99891774891775,69.99891774891775
E157,65.0,,,,67.0,,,64.0,66.5,,67.0,2022-1,65.9,PRIMER,O2021-1,2026-06-25 11:11:17,65.62,5,1,65.9,65.9,65.9
E158,77.75,76.0,87.0,83.83333333333333,74.25,79.5,78.0,76.5,80.0,84.28571428571429,80.4,2025-2,79.77445887445887,NOVENO,O2021-1,2026-06-25 11:11:17,79.89,2,0,79.77445887445887,79.77445887445887,79.77445887445887
E159,67.2,,,,65.0,,,71.0,72.0,,73.5,2022-1,69.74,PRIMER,O2021-1,2026-06-25 11:11:17,68.15,3,1,69.74,69.74,69.74
E16,64.75,,,,56.0,,,61.333333333333336,67.5,,62.0,2019-1,62.316666666666684,PRIMER,O2018-1,2026-06-25 11:11:17,62.62,6,1,62.31666666666668,62.31666666666668,62.31666666666668
E160,76.5,,,,80.0,,,81.0,76.0,,79.0,2021-1,78.5,PRIMER,O2021-1,2026-06-25 11:11:17,78.17,0,0,78.5,78.5,78.5
E161,80.72727272727273,80.0,81.0,80.83333333333333,80.0,79.0,87.0,80.0,82.0,79.0,80.53333333333333,2025-2,80.91763085399448,NOVENO,O2021-1,2026-06-25 11:11:17,80.51,0,0,80.91763085399448,80.91763085399448,80.91763085399448
E162,75.86666666666666,81.0,85.0,72.42857142857143,77.8,69.66666666666667,70.0,76.0,72.125,76.28571428571429,71.95238095238095,2026-2,75.28409090909092,OCTAVO,O2021-1,2026-06-25 11:11:18,74.15,14,0,75.28409090909092,75.28409090909092,75.28409090909092
E163,76.75,75.6,80.0,77.5,80.25,78.0,79.0,81.0,77.5,78.57142857142857,77.93333333333334,2026-1,78.37316017316017,NOVENO,O2021-1,2026-06-25 11:11:18,77.76,3,0,78.37316017316017,78.37316017316017,78.37316017316017
E164,78.25,,,79.0,77.5,,78.0,79.0,71.5,73.5,78.3,2023-2,76.88125,CUARTO,O2021-1,2026-06-25 11:11:19,77.03,2,1,76.88125,76.88125,76.88125
E165,79.5,,,,80.0,,,84.0,82.0,,85.0,2021-1,82.1,PRIMER,O2021-1,2026-06-25 11:11:19,81.67,0,0,82.1,82.1,82.1
E166,73.1875,75.33333333333333,74.0,76.83333333333333,78.25,69.0,70.0,85.0,76.8,76.0,76.25,2026-2,75.51401515151514,OCTAVO,O2021-1,2026-06-25 11:11:19,75.26,11,0,75.51401515151514,75.51401515151514,75.51401515151514
E167,62.0,,,,65.0,,,70.0,61.666666666666664,,67.0,2022-1,65.13333333333334,PRIMER,O2021-1,2026-06-25 11:11:19,63.77,4,1,65.13333333333334,65.13333333333334,65.13333333333334
E168,60.0,,,,64.0,,,53.666666666666664,62.0,,58.0,2022-1,59.533333333333324,PRIMER,O2021-1,2026-06-25 11:11:19,59.15,6,1,59.533333333333324,59.533333333333324,59.533333333333324
E169,66.33333333333333,,,,58.666666666666664,,,56.666666666666664,62.5,,66.0,2022-1,62.033333333333324,PRIMER,O2021-1,2026-06-25 11:11:19,61.69,5,1,62.033333333333324,62.033333333333324,62.033333333333324
E17,64.5,,,,66.33333333333333,,,68.5,71.5,,68.33333333333333,2019-1,67.83333333333333,PRIMER,O2018-1,2026-06-25 11:11:19,67.29,6,1,67.83333333333333,67.83333333333333,67.83333333333333
E170,81.63636363636364,84.33333333333333,81.0,81.66666666666667,81.75,80.5,71.0,72.0,83.0,81.57142857142857,80.26666666666667,2025-2,79.8840417158599,NOVENO,O2021-1,2026-06-25 11:11:20,80.91,1,0,79.8840417158599,79.8840417158599,79.8840417158599
E171,62.25,,,,60.0,,,70.0,66.0,,72.0,2022-1,66.05,PRIMER,O2021-1,2026-06-25 11:11:20,64.36,4,1,66.05,66.05,66.05
E172,65.5,,,,57.0,,,58.333333333333336,67.0,,62.0,2022-1,61.966666666666676,PRIMER,O2021-1,2026-06-25 11:11:20,62.23,5,1,61.966666666666676,61.966666666666676,61.966666666666676
E173,75.16666666666667,73.25,73.0,75.0,74.2,79.0,73.0,72.0,76.5,78.85714285714286,73.38095238095238,2026-1,74.8504329004329,NOVENO,O2021-1,2026-06-25 11:11:20,74.86,9,0,74.8504329004329,74.8504329004329,74.8504329004329
E174,85.0,,,,72.0,,,91.0,91.0,,86.0,2021-1,85.0,PRIMER,O2021-1,2026-06-25 11:11:20,85.0,0,0,85.0,85.0,85.0
E175,71.8,,,74.0,74.0,,72.0,72.5,70.33333333333333,70.0,70.66666666666667,2023-2,71.9125,TERCERO,O2021-1,2026-06-25 11:11:20,71.61,7,1,71.9125,71.9125,71.9125
E176,88.5,,,,71.0,,,89.0,94.0,,74.0,2021-2,83.3,PRIMER,O2021-2,2026-06-25 11:11:20,84.17,0,0,83.3,83.3,83.3
E177,70.58823529411765,67.0,,66.28571428571429,74.66666666666667,72.5,68.5,73.0,73.4,70.375,71.75,2026-2,70.80656162464986,SEPTIMO,O2021-2,2026-06-25 11:11:21,70.83,16,0,70.80656162464986,70.80656162464986,70.80656162464986
E178,83.0,,,,70.0,,,86.0,74.0,,77.0,2021-2,78.0,PRIMER,O2021-2,2026-06-25 11:11:21,78.83,0,0,78.0,78.0,78.0
E179,60.6,,,,62.0,,,73.0,71.0,,67.0,2022-2,66.72,PRIMER,O2021-2,2026-06-25 11:11:21,64.15,4,1,66.72,66.72,66.72
E18,70.2,,,,70.5,,,64.66666666666667,80.0,,75.0,2019-1,72.07333333333334,PRIMER,O2018-1,2026-06-25 11:11:21,70.46,3,1,72.07333333333334,72.07333333333334,72.07333333333334
E180,56.75,,,,63.0,,,60.333333333333336,62.0,,73.0,2022-2,63.01666666666667,PRIMER,O2021-2,2026-06-25 11:11:21,61.08,5,1,63.01666666666667,63.01666666666667,63.01666666666667
E181,66.2,,,,60.75,,,71.0,71.0,,69.5,2022-2,67.69,PRIMER,O2021-2,2026-06-25 11:11:21,65.77,4,1,67.69,67.69,67.69
E182,69.75,,,,67.66666666666667,,,62.666666666666664,73.0,,64.0,2022-2,67.41666666666667,PRIMER,O2021-2,2026-06-25 11:11:21,67.0,3,1,67.41666666666667,67.41666666666667,67.41666666666667
E183,62.0,,,,55.0,,,64.66666666666667,56.5,,60.5,2022-2,59.73333333333333,PRIMER,O2021-2,2026-06-25 11:11:21,60.46,6,1,59.733333333333334,59.733333333333334,59.733333333333334
E184,81.0,78.33333333333333,79.0,75.125,78.25,71.0,68.5,81.0,80.75,77.71428571428571,78.86666666666666,2026-2,77.23084415584414,OCTAVO,O2021-2,2026-06-25 11:11:22,77.97,3,0,77.23084415584414,77.23084415584414,77.23084415584414
E185,86.0909090909091,80.0,84.0,80.71428571428571,81.25,79.5,72.0,74.0,82.5,82.0,81.4,2026-1,80.31410861865407,OCTAVO,O2021-2,2026-06-25 11:11:22,81.81,2,0,80.31410861865407,80.31410861865407,80.31410861865407
E186,78.0,,,,78.0,,,82.0,83.0,,76.5,2022-1,79.5,PRIMER,O2021-2,2026-06-25 11:11:22,78.25,1,0,79.5,79.5,79.5
E187,59.0,,,,67.0,,,63.333333333333336,62.5,,74.0,2022-2,65.16666666666667,PRIMER,O2021-2,2026-06-25 11:11:22,64.08,4,1,65.16666666666667,65.16666666666667,65.16666666666667
E188,83.41666666666667,86.66666666666667,82.0,81.5,81.25,87.0,85.0,74.0,81.25,81.42857142857143,81.8,2026-1,82.30108225108225,NOVENO,O2021-2,2026-06-25 11:11:22,82.36,1,0,82.30108225108225,82.30108225108225,82.30108225108225
E189,85.9090909090909,82.0,87.0,87.66666666666667,80.0,89.0,78.0,82.0,82.0,80.75,86.73333333333333,2026-1,83.73264462809918,NOVENO,O2021-2,2026-06-25 11:11:22,84.59,1,0,83.73264462809918,83.73264462809918,83.73264462809918
E19,78.46153846153847,79.66666666666667,75.0,77.57142857142857,78.2,81.0,86.0,74.0,76.25,78.42857142857143,77.6875,2023-1,78.38779137529137,NOVENO,O2018-1,2026-06-25 11:11:23,78.12,5,0,78.38779137529137,78.38779137529137,78.38779137529137
E190,73.0,82.0,80.0,74.57142857142857,73.83333333333333,92.0,70.5,75.0,73.25,75.0,72.95454545454545,2026-2,76.55539157811886,OCTAVO,O2021-2,2026-06-25 11:11:23,74.08,13,0,76.55539157811886,76.55539157811886,76.55539157811886
E191,81.81818181818181,81.33333333333333,73.0,81.5,82.5,83.0,86.0,80.0,81.5,83.42857142857143,80.1875,2026-1,81.29705332546241,NOVENO,O2021-2,2026-06-25 11:11:23,81.45,1,0,81.29705332546241,81.29705332546241,81.29705332546241
E192,70.0,,,71.0,66.2,75.0,77.0,70.0,75.0,72.75,71.25,2025-1,72.02222222222223,CUARTO,O2021-2,2026-06-25 11:11:23,70.81,7,1,72.02222222222223,72.02222222222223,72.02222222222223
E193,67.0,,,,69.5,,,66.66666666666667,63.0,,71.5,2022-2,67.53333333333333,PRIMER,O2021-2,2026-06-25 11:11:24,67.07,3,1,67.53333333333333,67.53333333333333,67.53333333333333
E194,60.25,,,,64.5,,,61.333333333333336,64.0,,48.0,2022-2,59.616666666666674,PRIMER,O2021-2,2026-06-25 11:11:24,59.85,5,1,59.616666666666674,59.616666666666674,59.616666666666674
E195,63.25,,,,64.66666666666667,,,67.0,70.0,,66.5,2022-2,66.28333333333333,PRIMER,O2021-2,2026-06-25 11:11:24,65.46,5,1,66.28333333333333,66.28333333333333,66.28333333333333
E196,85.27272727272727,85.33333333333333,89.0,82.33333333333333,80.75,80.5,84.0,80.0,81.75,85.85714285714286,80.70588235294117,2026-1,83.22749264995254,NOVENO,O2021-2,2026-06-25 11:11:24,82.89,2,0,83.22749264995254,83.22749264995254,83.22749264995254
E197,61.25,,,,62.5,,,54.333333333333336,66.0,,62.0,2022-2,61.216666666666676,PRIMER,O2021-2,2026-06-25 11:11:24,60.69,6,1,61.216666666666676,61.216666666666676,61.216666666666676
E198,77.83333333333333,81.66666666666667,74.0,79.85714285714286,74.0,84.5,78.0,73.0,84.0,78.85714285714286,80.8,2026-1,78.77402597402597,NOVENO,O2021-2,2026-06-25 11:11:24,79.44,2,0,78.77402597402597,78.77402597402597,78.77402597402597
E199,77.125,,,88.0,78.33333333333333,,75.0,73.0,78.0,70.0,74.45454545454545,2023-2,76.73910984848484,CUARTO,O2021-2,2026-06-25 11:11:24,75.77,3,0,76.73910984848484,76.73910984848484,76.73910984848484
E2,81.0,,,,76.0,,,92.0,72.0,,84.0,2018-1,81.0,PRIMER,O2018-1,2026-06-25 11:11:24,81.0,0,0,81.0,81.0,81.0
E20,62.0,,,,61.333333333333336,,,62.333333333333336,71.0,,66.0,2019-1,64.53333333333333,PRIMER,O2018-1,2026-06-25 11:11:25,63.23,5,1,64.53333333333333,64.53333333333333,64.53333333333333
E200,81.9090909090909,82.0,81.0,83.83333333333333,81.0,80.0,90.0,77.0,83.75,83.85714285714286,82.125,2026-1,82.40677882723338,NOVENO,O2021-2,2026-06-25 11:11:25,82.46,1,0,82.40677882723338,82.40677882723338,82.40677882723338
E201,72.66666666666667,73.5,72.0,73.8,73.66666666666667,72.0,70.0,71.0,70.2,74.25,73.52941176470588,2026-2,72.41934046345813,SEPTIMO,O2022-1,2026-06-25 11:11:25,72.95,10,0,72.41934046345813,72.41934046345813,72.41934046345813
E202,71.72222222222223,,,76.33333333333333,78.33333333333333,78.0,67.0,71.5,73.66666666666667,71.2,73.77777777777777,2026-2,73.5037037037037,QUINTO,O2022-1,2026-06-25 11:11:25,73.0,16,1,73.5037037037037,73.5037037037037,73.5037037037037
E203,70.5,,,,74.0,,,81.0,78.0,,81.0,2022-1,76.9,PRIMER,O2022-1,2026-06-25 11:11:25,75.83,0,0,76.9,76.9,76.9
E204,59.0,,,,60.5,,,69.5,60.333333333333336,,66.0,2023-1,63.066666666666684,PRIMER,O2022-1,2026-06-25 11:11:25,62.23,5,1,63.06666666666668,63.06666666666668,63.06666666666668
E205,80.71428571428571,,,83.0,80.0,,81.0,88.0,83.0,84.0,87.375,2023-2,83.38616071428572,CUARTO,O2022-1,2026-06-25 11:11:25,83.58,0,0,83.38616071428572,83.38616071428572,83.38616071428572
E206,70.53846153846153,,,82.0,73.75,,78.0,70.0,77.0,69.0,68.72222222222223,2025-2,73.62633547008548,CUARTO,O2022-1,2026-06-25 11:11:26,70.7,12,1,73.62633547008548,73.62633547008548,73.62633547008548
E207,70.76923076923077,,,70.0,71.85714285714286,,76.0,69.5,68.0,73.0,74.25,2025-1,71.6720467032967,CUARTO,O2022-1,2026-06-25 11:11:26,71.95,9,0,71.6720467032967,71.6720467032967,71.6720467032967
E208,72.29411764705883,86.0,,79.0,74.75,79.0,71.0,75.0,76.5,76.57142857142857,74.83333333333333,2026-2,76.49488795518207,SEPTIMO,O2022-1,2026-06-25 11:11:26,74.9,10,0,76.49488795518207,76.49488795518207,76.49488795518207
E209,78.5,70.0,79.0,75.83333333333333,80.25,73.5,74.0,74.0,77.0,77.375,74.88235294117646,2026-2,75.8491532976827,SEPTIMO,O2022-1,2026-06-25 11:11:26,76.2,7,0,75.8491532976827,75.8491532976827,75.8491532976827
E21,81.875,,,90.0,80.0,,74.0,75.0,78.5,75.66666666666667,79.7,2020-1,79.34270833333333,CUARTO,O2018-1,2026-06-25 11:11:26,79.63,1,0,79.34270833333333,79.34270833333333,79.34270833333333
E210,78.5,84.33333333333333,72.5,80.33333333333333,77.75,79.5,77.0,75.0,81.2,78.71428571428571,78.47058823529412,2026-2,78.48195823784059,OCTAVO,O2022-1,2026-06-25 11:11:27,78.92,5,0,78.48195823784059,78.48195823784059,78.48195823784059
E211,81.54545454545455,79.66666666666667,89.0,83.5,79.75,85.0,96.0,82.0,84.5,79.42857142857143,83.8,2026-2,84.01733569460842,NOVENO,O2022-1,2026-06-25 11:11:27,82.62,0,0,84.01733569460842,84.01733569460842,84.01733569460842
E212,72.0,,,,69.0,,,70.5,70.0,,68.0,2022-2,69.9,PRIMER,O2022-1,2026-06-25 11:11:27,70.17,3,0,69.9,69.9,69.9
E213,73.71428571428571,70.5,,72.8,79.0,75.0,75.0,84.0,76.5,72.85714285714286,73.33333333333333,2026-2,75.2704761904762,SEPTIMO,O2022-1,2026-06-25 11:11:27,73.98,8,0,75.2704761904762,75.2704761904762,75.2704761904762
E214,67.0,,,,60.666666666666664,,,66.5,63.333333333333336,,65.5,2023-1,64.6,PRIMER,O2022-1,2026-06-25 11:11:27,64.38,5,1,64.6,64.6,64.6
E215,68.75,,,,63.666666666666664,,,72.0,69.0,,60.0,2023-1,66.68333333333332,PRIMER,O2022-1,2026-06-25 11:11:27,66.07,4,1,66.68333333333332,66.68333333333332,66.68333333333332
E216,63.0,,,,66.5,,,71.0,67.0,,60.5,2023-1,65.6,PRIMER,O2022-1,2026-06-25 11:11:28,64.69,4,1,65.6,65.6,65.6
E217,72.66666666666667,,,,70.33333333333333,,,71.0,64.66666666666667,,74.0,2023-1,70.53333333333333,PRIMER,O2022-1,2026-06-25 11:11:28,70.23,4,1,70.53333333333333,70.53333333333333,70.53333333333333
E218,74.61538461538461,80.0,,73.0,71.4,70.0,73.0,79.0,75.16666666666667,77.875,76.29411764705883,2026-2,75.03511689291102,SEPTIMO,O2022-1,2026-06-25 11:11:28,75.18,10,0,75.03511689291102,75.03511689291102,75.03511689291102
E219,59.75,,,,63.0,,,58.333333333333336,65.0,,61.5,2023-1,61.51666666666667,PRIMER,O2022-1,2026-06-25 11:11:28,61.0,6,1,61.51666666666667,61.51666666666667,61.51666666666667
E22,66.75,,,,55.5,,,59.666666666666664,55.0,,66.5,2019-1,60.683333333333316,PRIMER,O2018-1,2026-06-25 11:11:28,61.54,5,1,60.68333333333332,60.68333333333332,60.68333333333332
E220,69.66666666666667,,,,59.333333333333336,,,62.666666666666664,70.0,,67.5,2023-1,65.83333333333333,PRIMER,O2022-1,2026-06-25 11:11:28,65.38,3,1,65.83333333333333,65.83333333333333,65.83333333333333
E221,58.5,,,,58.333333333333336,,,65.33333333333333,66.0,,72.0,2023-1,64.03333333333333,PRIMER,O2022-1,2026-06-25 11:11:28,62.23,5,1,64.03333333333333,64.03333333333333,64.03333333333333
E222,77.85714285714286,,,91.0,82.0,,80.0,81.0,74.0,74.0,81.5,2023-2,80.16964285714286,CUARTO,O2022-1,2026-06-25 11:11:28,79.88,0,0,80.16964285714286,80.16964285714286,80.16964285714286
E223,83.9090909090909,83.33333333333333,83.0,77.83333333333333,81.75,86.0,88.0,87.0,86.0,81.14285714285714,84.2,2026-2,83.83351042896497,NOVENO,O2022-1,2026-06-25 11:11:29,83.13,0,0,83.83351042896497,83.83351042896497,83.83351042896497
E224,60.0,,,,64.33333333333333,,,63.0,74.0,,64.0,2023-1,65.06666666666666,PRIMER,O2022-1,2026-06-25 11:11:29,63.43,5,1,65.06666666666666,65.06666666666666,65.06666666666666
E225,73.5,,,,65.6,,,77.0,77.0,,71.83333333333333,2023-2,72.98666666666666,SEGUNDO,O2022-1,2026-06-25 11:11:29,71.26,4,1,72.98666666666666,72.98666666666666,72.98666666666666
E226,78.9090909090909,76.5,81.0,81.5,74.75,75.5,88.0,88.0,80.25,80.85714285714286,79.06666666666666,2026-2,80.39390003935459,OCTAVO,O2022-2,2026-06-25 11:11:29,79.44,0,0,80.39390003935459,80.39390003935459,80.39390003935459
E227,66.75,,,,65.0,,,72.0,62.666666666666664,,63.0,2023-2,65.88333333333334,PRIMER,O2022-2,2026-06-25 11:11:29,65.23,4,1,65.88333333333334,65.88333333333334,65.88333333333334
E228,72.88235294117646,,,71.33333333333333,72.6,71.0,71.5,78.0,74.5,72.125,73.71428571428571,2026-2,73.07277466542172,QUINTO,O2022-2,2026-06-25 11:11:29,72.91,14,0,73.07277466542172,73.07277466542172,73.07277466542172
E229,77.07692307692308,78.0,,82.2,78.66666666666667,79.0,72.0,66.5,77.75,76.0,73.94117647058823,2026-2,76.11347662141779,SEPTIMO,O2022-2,2026-06-25 11:11:30,76.13,5,0,76.11347662141779,76.11347662141779,76.11347662141779
E23,77.25,78.0,79.0,77.33333333333333,85.0,88.0,78.0,85.0,78.75,81.42857142857143,79.73333333333333,2022-2,80.68138528138527,NOVENO,O2018-1,2026-06-25 11:11:30,79.71,1,0,80.68138528138527,80.68138528138527,80.68138528138527
E230,80.33333333333333,84.5,83.0,77.0,76.5,81.0,86.0,88.0,77.6,81.0,81.5,2026-2,81.49393939393939,OCTAVO,O2022-2,2026-06-25 11:11:30,80.37,3,0,81.49393939393939,81.49393939393939,81.49393939393939
E231,82.45454545454545,84.0,82.0,85.66666666666667,84.0,84.0,78.0,82.0,82.5,81.71428571428571,81.33333333333333,2026-2,82.51534828807556,OCTAVO,O2022-2,2026-06-25 11:11:30,82.54,0,0,82.51534828807556,82.51534828807556,82.51534828807556
E232,83.45454545454545,88.5,81.0,85.33333333333333,85.0,84.0,81.0,86.0,83.75,83.0,82.93333333333334,2026-2,83.9973829201102,OCTAVO,O2022-2,2026-06-25 11:11:31,83.76,0,0,83.9973829201102,83.9973829201102,83.9973829201102
E233,81.63636363636364,78.5,71.0,82.6,81.0,82.5,77.0,76.0,79.2,80.16666666666667,81.53333333333333,2026-2,79.19421487603306,OCTAVO,O2022-2,2026-06-25 11:11:31,80.7,2,0,79.19421487603306,79.19421487603306,79.19421487603306
E234,58.0,,,,62.666666666666664,,,71.0,55.0,,50.5,2023-2,59.433333333333316,PRIMER,O2022-2,2026-06-25 11:11:31,58.23,5,1,59.43333333333332,59.43333333333332,59.43333333333332
E235,75.9090909090909,74.0,63.0,81.0,80.0,77.5,82.0,82.0,76.0,77.33333333333333,80.33333333333333,2026-2,77.18870523415978,OCTAVO,O2022-2,2026-06-25 11:11:31,78.15,1,0,77.18870523415978,77.18870523415978,77.18870523415978
E236,63.75,,,,66.5,,,65.0,64.66666666666667,,67.0,2023-2,65.38333333333334,PRIMER,O2022-2,2026-06-25 11:11:31,65.21,6,1,65.38333333333334,65.38333333333334,65.38333333333334
E237,69.58333333333333,,,68.5,72.0,,70.0,71.0,68.5,63.666666666666664,67.36363636363636,2025-2,68.82670454545453,CUARTO,O2022-2,2026-06-25 11:11:31,68.61,12,1,68.82670454545453,68.82670454545453,68.82670454545453
E238,72.88888888888889,,,,68.0,,63.5,71.0,73.0,,64.75,2024-2,68.85648148148148,SEGUNDO,O2022-2,2026-06-25 11:11:32,68.68,6,1,68.85648148148148,68.85648148148148,68.85648148148148
E239,65.75,,,,65.33333333333333,,,70.0,68.66666666666667,,61.333333333333336,2023-2,66.21666666666667,PRIMER,O2022-2,2026-06-25 11:11:32,65.64,4,1,66.21666666666667,66.21666666666667,66.21666666666667
E24,77.54545454545455,73.33333333333333,75.0,76.83333333333333,74.5,76.0,73.0,80.0,74.0,78.5,75.76470588235294,2022-2,75.86152973586128,OCTAVO,O2018-1,2026-06-25 11:11:32,76.28,2,0,75.86152973586128,75.86152973586128,75.86152973586128
E240,77.16666666666667,77.0,77.0,81.0,82.75,76.5,85.0,76.0,77.0,78.42857142857143,80.66666666666667,2026-2,78.9556277056277,OCTAVO,O2022-2,2026-06-25 11:11:32,79.15,2,0,78.9556277056277,78.9556277056277,78.9556277056277
E241,76.92307692307692,85.5,76.0,84.8,84.75,84.5,77.0,90.0,80.25,83.0,82.2,2026-2,82.26573426573427,OCTAVO,O2022-2,2026-06-25 11:11:32,81.44,2,0,82.26573426573427,82.26573426573427,82.26573426573427
E242,71.6,,,,63.5,,,79.0,70.0,,66.5,2023-2,70.12,PRIMER,O2022-2,2026-06-25 11:11:32,69.23,3,1,70.12,70.12,70.12
E243,76.66666666666667,,,,75.5,,67.0,82.0,81.0,,70.875,2024-1,75.50694444444444,SEGUNDO,O2022-2,2026-06-25 11:11:33,74.11,3,1,75.50694444444444,75.50694444444444,75.50694444444444
E244,81.72727272727273,78.5,82.0,81.83333333333333,81.0,82.0,90.0,86.0,80.25,81.57142857142857,81.26666666666667,2026-2,82.3771546635183,OCTAVO,O2022-2,2026-06-25 11:11:33,81.56,0,0,82.3771546635183,82.3771546635183,82.3771546635183
E245,76.66666666666667,76.0,86.0,79.66666666666667,77.6,84.0,73.0,81.0,78.75,80.5,81.06666666666666,2026-2,79.47727272727273,OCTAVO,O2022-2,2026-06-25 11:11:33,79.19,3,0,79.47727272727273,79.47727272727273,79.47727272727273
E246,67.25,,,,71.66666666666667,,,65.0,74.0,,69.0,2023-1,69.38333333333334,PRIMER,O2022-2,2026-06-25 11:11:33,68.83,2,0,69.38333333333334,69.38333333333334,69.38333333333334
E247,72.5,,,69.66666666666667,76.5,72.0,79.0,76.0,74.0,74.28571428571429,71.83333333333333,2026-2,73.97619047619048,SEPTIMO,O2022-2,2026-06-25 11:11:34,72.93,10,0,73.97619047619048,73.97619047619048,73.97619047619048
E248,74.6,,,,71.25,,68.0,70.5,81.0,,69.14285714285714,2024-1,72.41547619047618,SEGUNDO,O2022-2,2026-06-25 11:11:34,71.6,3,1,72.41547619047618,72.41547619047618,72.41547619047618
E249,73.58333333333333,69.0,,73.75,72.75,80.0,75.0,76.0,73.6,76.5,73.57894736842105,2026-2,74.37622807017544,SEXTO,O2022-2,2026-06-25 11:11:34,73.96,9,0,74.37622807017544,74.37622807017544,74.37622807017544
E25,85.0,,,,93.0,,,88.0,87.0,,81.0,2018-1,86.8,PRIMER,O2018-1,2026-06-25 11:11:34,86.5,0,0,86.8,86.8,86.8
E250,63.5,,,,63.75,,,72.0,69.5,,66.5,2023-2,67.05,PRIMER,O2022-2,2026-06-25 11:11:34,65.62,4,1,67.05,67.05,67.05
E251,76.0,72.0,,77.4,80.0,86.0,79.0,83.0,83.0,76.16666666666667,78.93333333333334,2026-2,79.15,SEPTIMO,O2023-1,2026-06-25 11:11:34,78.25,2,0,79.15,79.15,79.15
E252,82.63636363636364,74.0,,87.0,78.66666666666667,72.0,92.0,84.0,78.4,81.16666666666667,83.6,2026-2,81.3469696969697,SEPTIMO,O2023-1,2026-06-25 11:11:35,82.25,1,0,81.3469696969697,81.3469696969697,81.3469696969697
E253,74.83333333333333,,,72.66666666666667,82.33333333333333,75.0,72.5,72.5,74.0,74.42857142857143,74.53846153846153,2026-2,74.75559625559626,SEXTO,O2023-1,2026-06-25 11:11:35,74.75,8,0,74.75559625559626,74.75559625559626,74.75559625559626
E254,79.63636363636364,72.0,,89.0,80.33333333333333,77.0,76.0,79.5,80.0,75.71428571428571,81.5,2026-2,79.06839826839827,SEPTIMO,O2023-1,2026-06-25 11:11:35,80.17,2,0,79.06839826839827,79.06839826839827,79.06839826839827
E255,87.9090909090909,85.0,,86.4,85.33333333333333,90.0,84.0,82.0,85.5,79.66666666666667,82.66666666666667,2026-2,84.84757575757575,SEPTIMO,O2023-1,2026-06-25 11:11:35,84.5,0,0,84.84757575757575,84.84757575757575,84.84757575757575
E256,65.0,,,,66.5,,,68.33333333333333,63.333333333333336,,70.5,2024-1,66.73333333333332,PRIMER,O2023-1,2026-06-25 11:11:35,66.36,2,1,66.73333333333332,66.73333333333332,66.73333333333332
E257,77.0,,,75.66666666666667,77.75,84.0,75.0,84.0,81.4,74.42857142857143,83.0,2026-2,79.1383597883598,SEPTIMO,O2023-1,2026-06-25 11:11:36,79.06,4,0,79.1383597883598,79.1383597883598,79.1383597883598
E258,59.6,,,,70.0,,,76.0,63.333333333333336,,58.0,2024-1,65.38666666666667,PRIMER,O2023-1,2026-06-25 11:11:36,63.08,4,1,65.38666666666667,65.38666666666667,65.38666666666667
E259,68.0,,,,79.5,,,71.0,69.5,,70.0,2024-1,71.6,PRIMER,O2023-1,2026-06-25 11:11:36,70.71,5,1,71.6,71.6,71.6
E26,62.0,,,,57.5,,,59.0,58.0,,53.0,2019-2,57.9,PRIMER,O2018-2,2026-06-25 11:11:36,58.62,6,1,57.9,57.9,57.9
E260,72.625,,,82.5,78.66666666666667,77.0,81.0,68.5,71.2,76.66666666666667,80.5,2026-2,76.51759259259259,QUINTO,O2023-1,2026-06-25 11:11:36,75.83,7,0,76.51759259259259,76.51759259259259,76.51759259259259
E261,63.0,,,,63.0,,,63.0,54.5,,60.0,2024-1,60.70000000000001,PRIMER,O2023-1,2026-06-25 11:11:36,61.23,6,1,60.7,60.7,60.7
E262,74.375,,,,70.25,,73.0,72.0,67.33333333333333,,69.75,2025-1,71.11805555555556,SEGUNDO,O2023-1,2026-06-25 11:11:36,71.24,6,1,71.11805555555556,71.11805555555556,71.11805555555556
E263,61.75,,,,63.5,,,59.333333333333336,66.0,,66.5,2024-1,63.416666666666664,PRIMER,O2023-1,2026-06-25 11:11:36,62.85,6,1,63.41666666666667,63.41666666666667,63.41666666666667
E264,86.5,,,,96.0,,,84.0,82.0,,79.0,2023-1,85.5,PRIMER,O2023-1,2026-06-25 11:11:36,85.67,0,0,85.5,85.5,85.5
E265,68.83333333333333,,,,71.66666666666667,,70.0,70.5,71.0,,66.72727272727273,2025-2,69.7878787878788,SEGUNDO,O2023-1,2026-06-25 11:11:36,68.61,11,1,69.7878787878788,69.7878787878788,69.7878787878788
E266,61.5,,,,68.0,,,68.5,64.66666666666667,,66.5,2024-1,65.83333333333334,PRIMER,O2023-1,2026-06-25 11:11:37,65.08,5,1,65.83333333333334,65.83333333333334,65.83333333333334
E267,71.375,,,56.0,79.5,,67.5,70.0,75.0,,69.0,2025-1,69.76785714285714,TERCERO,O2023-1,2026-06-25 11:11:37,70.24,5,1,69.76785714285714,69.76785714285714,69.76785714285714
E268,71.21428571428571,,,71.0,69.8,,73.0,68.33333333333333,64.66666666666667,71.0,72.81818181818181,2026-1,70.22905844155844,CUARTO,O2023-1,2026-06-25 11:11:37,70.86,11,0,70.22905844155844,70.22905844155844,70.22905844155844
E269,79.0,,,78.33333333333333,71.25,82.0,76.0,83.0,79.75,74.16666666666667,75.17647058823529,2026-2,77.63071895424837,SEXTO,O2023-1,2026-06-25 11:11:37,76.5,4,0,77.63071895424837,77.63071895424837,77.63071895424837
E27,64.0,,,,62.5,,,60.666666666666664,64.5,,59.5,2019-2,62.23333333333333,PRIMER,O2018-2,2026-06-25 11:11:37,62.38,5,1,62.23333333333333,62.23333333333333,62.23333333333333
E270,80.0,,,,84.0,,,75.0,76.0,,80.0,2023-1,79.0,PRIMER,O2023-1,2026-06-25 11:11:37,79.17,0,0,79.0,79.0,79.0
E271,79.5,,,,88.0,,,83.0,86.0,,78.0,2023-1,82.9,PRIMER,O2023-1,2026-06-25 11:11:37,82.33,0,0,82.9,82.9,82.9
E272,84.41666666666667,86.0,,86.5,80.0,83.0,89.0,83.0,83.5,83.83333333333333,84.2,2026-2,84.34500000000001,SEPTIMO,O2023-1,2026-06-25 11:11:37,84.17,1,0,84.34500000000001,84.34500000000001,84.34500000000001
E273,74.0,,,,78.0,,,79.0,76.0,,82.0,2023-1,77.8,PRIMER,O2023-1,2026-06-25 11:11:37,77.17,0,0,77.8,77.8,77.8
E274,69.88888888888889,,,72.0,71.33333333333333,,69.0,79.0,74.0,,71.66666666666667,2025-1,72.41269841269842,TERCERO,O2023-1,2026-06-25 11:11:38,71.28,6,1,72.41269841269842,72.41269841269842,72.41269841269842
E275,78.0909090909091,,,75.0,83.0,75.0,72.0,75.0,81.75,78.66666666666667,77.4375,2026-2,77.32723063973064,SEXTO,O2023-1,2026-06-25 11:11:38,77.98,3,0,77.32723063973064,77.32723063973064,77.32723063973064
E276,71.625,,,,72.0,,,75.0,74.0,,68.2,2024-2,72.16499999999999,PRIMER,O2023-2,2026-06-25 11:11:38,71.06,6,0,72.16499999999999,72.16499999999999,72.16499999999999
E277,69.75,,,,70.0,,,69.0,66.66666666666667,,57.5,2024-2,66.58333333333334,PRIMER,O2023-2,2026-06-25 11:11:38,67.08,4,1,66.58333333333334,66.58333333333334,66.58333333333334
E278,73.5,,,,75.0,,,70.0,75.0,,79.0,2023-2,74.5,PRIMER,O2023-2,2026-06-25 11:11:38,74.33,0,0,74.5,74.5,74.5
E279,83.0,,,84.0,78.0,91.0,78.0,76.0,81.5,83.2,82.3076923076923,2026-2,81.88974358974359,SEXTO,O2023-2,2026-06-25 11:11:38,82.29,0,0,81.88974358974359,81.88974358974359,81.88974358974359
E28,71.75,,,,76.0,,,69.5,75.0,,69.75,2019-2,72.4,PRIMER,O2018-2,2026-06-25 11:11:38,71.69,3,1,72.4,72.4,72.4
E280,72.0,,,,77.0,,,76.0,73.0,,76.33333333333333,2024-1,74.86666666666666,PRIMER,O2023-2,2026-06-25 11:11:38,74.42,1,0,74.86666666666666,74.86666666666666,74.86666666666666
E281,71.72727272727273,,,73.0,74.33333333333333,74.0,82.0,77.0,70.0,70.5,73.85714285714286,2026-2,74.04641654641654,QUINTO,O2023-2,2026-06-25 11:11:38,72.81,5,0,74.04641654641654,74.04641654641654,74.04641654641654
E282,76.38461538461539,,,81.5,74.0,65.0,76.0,78.0,78.5,75.75,74.4,2026-2,75.50384615384615,QUINTO,O2023-2,2026-06-25 11:11:39,75.55,5,0,75.50384615384615,75.50384615384615,75.50384615384615
E283,77.9090909090909,,,75.0,71.6,84.0,72.0,75.0,77.5,73.8,73.42857142857143,2026-2,75.58196248196248,QUINTO,O2023-2,2026-06-25 11:11:39,74.95,6,0,75.58196248196248,75.58196248196248,75.58196248196248
E284,68.25,,,,66.0,,,65.66666666666667,77.0,,64.33333333333333,2024-2,68.25,PRIMER,O2023-2,2026-06-25 11:11:39,67.08,3,1,68.25,68.25,68.25
E285,64.14285714285714,,,,67.66666666666667,,,73.0,68.0,,71.25,2025-1,68.81190476190476,SEGUNDO,O2023-2,2026-06-25 11:11:39,67.74,6,1,68.81190476190476,68.81190476190476,68.81190476190476
E286,64.75,,,,60.666666666666664,,,66.0,72.0,,67.0,2024-2,66.08333333333333,PRIMER,O2023-2,2026-06-25 11:11:39,65.0,5,1,66.08333333333333,66.08333333333333,66.08333333333333
E287,80.07692307692308,,,81.5,77.33333333333333,73.0,77.0,78.0,82.0,81.4,83.58333333333333,2026-2,79.32150997150998,SEXTO,O2023-2,2026-06-25 11:11:39,81.0,2,0,79.32150997150998,79.32150997150998,79.32150997150998
E288,84.14285714285714,,,91.0,84.0,,86.0,90.0,85.5,72.0,86.375,2025-1,84.87723214285714,CUARTO,O2023-2,2026-06-25 11:11:39,85.08,0,0,84.87723214285714,84.87723214285714,84.87723214285714
E289,83.0909090909091,,,87.33333333333333,86.0,79.0,86.0,76.0,80.25,80.6,82.3076923076923,2026-2,82.28688163688163,SEXTO,O2023-2,2026-06-25 11:11:39,82.6,0,0,82.28688163688163,82.28688163688163,82.28688163688163
E29,91.0,,,,80.0,,,86.0,84.0,,89.0,2018-2,86.0,PRIMER,O2018-2,2026-06-25 11:11:40,86.83,0,0,86.0,86.0,86.0
E290,65.75,,,,66.0,,,62.0,62.0,,63.5,2024-2,63.85,PRIMER,O2023-2,2026-06-25 11:11:40,64.0,5,1,63.85,63.85,63.85
E291,61.6,,,,72.5,,,65.66666666666667,72.0,,65.33333333333333,2024-2,67.41999999999999,PRIMER,O2023-2,2026-06-25 11:11:40,65.57,4,1,67.41999999999999,67.41999999999999,67.41999999999999
E292,86.81818181818181,,,85.0,82.66666666666667,82.0,86.0,72.0,82.0,84.8,84.07692307692308,2026-2,82.81797461797461,SEXTO,O2023-2,2026-06-25 11:11:40,84.36,0,0,82.81797461797461,82.81797461797461,82.81797461797461
E293,64.0,,,,64.66666666666667,,,62.666666666666664,58.5,,65.0,2024-2,62.966666666666676,PRIMER,O2023-2,2026-06-25 11:11:40,63.15,5,1,62.966666666666676,62.966666666666676,62.966666666666676
E294,81.0,,,71.0,77.33333333333333,,72.0,77.0,77.0,79.0,80.625,2025-1,76.86979166666666,CUARTO,O2023-2,2026-06-25 11:11:40,79.04,0,0,76.86979166666666,76.86979166666666,76.86979166666666
E295,71.5,,,,65.33333333333333,,,65.66666666666667,75.0,,67.5,2024-2,69.0,PRIMER,O2023-2,2026-06-25 11:11:40,68.38,2,1,69.0,69.0,69.0
E296,83.27272727272727,,,85.66666666666667,89.0,94.0,82.0,85.0,83.25,83.6,85.07692307692308,2026-2,85.65181300181298,SEXTO,O2023-2,2026-06-25 11:11:40,84.71,0,0,85.651813001813,85.651813001813,85.651813001813
E297,86.63636363636364,,,77.0,84.66666666666667,91.0,93.0,87.0,85.0,86.4,83.15384615384616,2026-2,85.98409738409741,SEXTO,O2023-2,2026-06-25 11:11:40,84.81,0,0,85.9840973840974,85.9840973840974,85.9840973840974
E298,67.0,,,,75.0,,,76.0,65.0,,65.5,2024-2,69.7,PRIMER,O2023-2,2026-06-25 11:11:41,68.23,3,1,69.7,69.7,69.7
E299,72.0,,,,73.0,,,75.0,72.0,,72.66666666666667,2024-1,72.93333333333334,PRIMER,O2023-2,2026-06-25 11:11:41,72.67,1,0,72.93333333333334,72.93333333333334,72.93333333333334
E3,65.8,,,,74.0,,,79.0,68.0,,67.66666666666667,2019-1,70.89333333333335,PRIMER,O2018-1,2026-06-25 11:11:41,68.85,3,1,70.89333333333335,70.89333333333335,70.89333333333335
E30,86.45454545454545,86.66666666666667,81.0,88.16666666666667,81.75,81.0,87.0,83.0,85.5,86.57142857142857,81.5625,2023-1,84.42470975993703,NOVENO,O2018-2,2026-06-25 11:11:41,84.52,1,0,84.42470975993703,84.42470975993703,84.42470975993703
E300,81.25,,,,75.0,,,89.0,78.5,,77.66666666666667,2024-1,80.28333333333333,PRIMER,O2023-2,2026-06-25 11:11:41,79.5,1,0,80.28333333333333,80.28333333333333,80.28333333333333
E301,71.83333333333333,,,76.0,73.33333333333333,,68.33333333333333,80.0,68.0,76.5,70.9090909090909,2026-2,73.11363636363636,CUARTO,O2024-1,2026-06-25 11:11:41,71.67,8,0,73.11363636363636,73.11363636363636,73.11363636363636
E302,66.07692307692308,,,58.0,67.8,,67.66666666666667,70.0,64.66666666666667,,67.85714285714286,2026-2,66.00962846677133,TERCERO,O2024-1,2026-06-25 11:11:41,66.61,9,1,66.00962846677133,66.00962846677133,66.00962846677133
E303,69.85714285714286,,,,69.66666666666667,,71.0,85.0,77.0,,75.8,2025-1,74.72063492063492,PRIMER,O2024-1,2026-06-25 11:11:41,72.78,4,0,74.72063492063492,74.72063492063492,74.72063492063492
E304,66.0,,,,70.0,,,61.333333333333336,67.0,,62.0,2025-1,65.26666666666668,PRIMER,O2024-1,2026-06-25 11:11:41,65.08,4,1,65.26666666666668,65.26666666666668,65.26666666666668
E305,67.66666666666667,,,,55.0,,,55.333333333333336,65.5,,64.5,2025-1,61.6,PRIMER,O2024-1,2026-06-25 11:11:41,61.08,5,1,61.6,61.6,61.6
E306,70.11111111111111,,,,69.5,,69.5,72.0,76.0,,70.5,2026-1,71.26851851851852,SEGUNDO,O2024-1,2026-06-25 11:11:42,70.4,6,1,71.26851851851852,71.26851851851852,71.26851851851852
E307,60.0,,,,65.5,,,63.666666666666664,52.5,,59.0,2025-1,60.133333333333326,PRIMER,O2024-1,2026-06-25 11:11:42,60.38,6,1,60.133333333333326,60.133333333333326,60.133333333333326
E308,79.6,,,78.5,79.0,76.0,88.0,70.5,77.5,85.66666666666667,79.66666666666667,2026-2,79.38148148148147,QUINTO,O2024-1,2026-06-25 11:11:42,79.53,1,0,79.38148148148147,79.38148148148147,79.38148148148147
E309,75.5,,,,74.66666666666667,,,67.5,74.0,,74.0,2024-2,73.13333333333334,PRIMER,O2024-1,2026-06-25 11:11:42,73.58,2,0,73.13333333333334,73.13333333333334,73.13333333333334
E31,65.4,,,,71.5,,,73.0,66.5,,63.666666666666664,2019-2,68.01333333333334,PRIMER,O2018-2,2026-06-25 11:11:42,66.69,4,1,68.01333333333334,68.01333333333334,68.01333333333334
E310,65.75,,,,67.5,,,71.0,73.0,,74.0,2025-1,70.25,PRIMER,O2024-1,2026-06-25 11:11:42,69.15,3,1,70.25,70.25,70.25
E311,60.75,,,,58.0,,,64.33333333333333,65.5,,53.5,2025-1,60.416666666666664,PRIMER,O2024-1,2026-06-25 11:11:42,60.77,6,1,60.416666666666664,60.416666666666664,60.416666666666664
E312,63.75,,,,62.0,,,64.66666666666667,64.66666666666667,,62.0,2025-1,63.416666666666664,PRIMER,O2024-1,2026-06-25 11:11:42,63.64,6,1,63.41666666666667,63.41666666666667,63.41666666666667
E313,62.25,,,,61.5,,,66.33333333333333,61.333333333333336,,66.0,2025-1,63.48333333333333,PRIMER,O2024-1,2026-06-25 11:11:42,63.53,6,1,63.48333333333333,63.48333333333333,63.48333333333333
E314,65.5,,,,60.0,,,66.0,63.666666666666664,,61.5,2025-1,63.333333333333336,PRIMER,O2024-1,2026-06-25 11:11:42,63.86,6,1,63.33333333333333,63.33333333333333,63.33333333333333
E315,63.4,,,,70.5,,,70.0,77.0,,66.5,2025-1,69.47999999999999,PRIMER,O2024-1,2026-06-25 11:11:42,67.0,3,1,69.47999999999999,69.47999999999999,69.47999999999999
E316,71.3,,,75.5,72.0,,70.0,87.0,72.66666666666667,70.0,72.33333333333333,2026-2,73.85,TERCERO,O2024-1,2026-06-25 11:11:43,72.36,11,0,73.85,73.85,73.85
E317,78.45454545454545,,,74.0,73.5,79.0,72.0,80.0,79.5,80.0,79.0,2026-2,77.27272727272728,CUARTO,O2024-1,2026-06-25 11:11:43,77.89,3,0,77.27272727272728,77.27272727272728,77.27272727272728
E318,62.75,,,,62.666666666666664,,,61.666666666666664,82.0,,62.0,2025-1,66.21666666666667,PRIMER,O2024-1,2026-06-25 11:11:43,63.85,5,1,66.21666666666667,66.21666666666667,66.21666666666667
E319,75.27272727272727,,,77.0,74.66666666666667,,75.0,70.66666666666667,73.5,75.66666666666667,74.91666666666667,2026-2,74.58617424242425,QUINTO,O2024-1,2026-06-25 11:11:43,74.69,5,0,74.58617424242425,74.58617424242425,74.58617424242425
E32,75.35714285714286,73.33333333333333,79.0,76.83333333333333,75.25,72.75,84.0,79.0,73.33333333333333,74.44444444444444,77.41176470588235,2024-2,76.42848654613361,NOVENO,O2018-2,2026-06-25 11:11:43,75.7,9,0,76.42848654613361,76.42848654613361,76.42848654613361
E320,73.33333333333333,,,72.0,71.0,,82.0,71.0,81.5,71.6,76.45454545454545,2026-2,74.86098484848485,CUARTO,O2024-1,2026-06-25 11:11:44,74.25,5,0,74.86098484848485,74.86098484848485,74.86098484848485
E321,63.75,,,,61.0,,,61.666666666666664,63.5,,70.0,2025-1,63.98333333333333,PRIMER,O2024-1,2026-06-25 11:11:44,63.08,5,1,63.98333333333333,63.98333333333333,63.98333333333333
E322,82.2,,,86.5,87.33333333333333,80.0,83.0,77.0,80.5,82.5,81.91666666666667,2026-2,82.32777777777777,SEXTO,O2024-1,2026-06-25 11:11:44,82.53,0,0,82.32777777777777,82.32777777777777,82.32777777777777
E323,76.3,,,80.0,73.0,,87.0,74.0,71.33333333333333,73.5,77.36363636363636,2026-2,76.56212121212121,QUINTO,O2024-1,2026-06-25 11:11:44,75.78,4,0,76.56212121212121,76.56212121212121,76.56212121212121
E324,76.81818181818181,,,74.0,79.0,,75.0,69.5,81.5,72.25,73.83333333333333,2026-2,75.23768939393939,CUARTO,O2024-1,2026-06-25 11:11:44,75.22,5,0,75.23768939393939,75.23768939393939,75.23768939393939
E325,72.72727272727273,,,71.0,69.4,,70.0,75.0,77.0,76.0,71.25,2026-2,72.79715909090909,TERCERO,O2024-1,2026-06-25 11:11:44,72.22,8,0,72.79715909090909,72.79715909090909,72.79715909090909
E326,73.7,,,84.0,74.5,,90.0,84.0,75.5,77.5,78.11111111111111,2026-2,79.66388888888889,CUARTO,O2024-2,2026-06-25 11:11:44,76.73,3,0,79.66388888888889,79.66388888888889,79.66388888888889
E327,57.75,,,,57.5,,,61.0,66.5,,56.0,2025-2,59.75,PRIMER,O2024-2,2026-06-25 11:11:45,59.54,6,1,59.75,59.75,59.75
E328,76.5,,,72.0,85.33333333333333,,97.0,87.0,77.5,69.5,78.2,2026-2,80.37916666666666,CUARTO,O2024-2,2026-06-25 11:11:45,78.43,2,0,80.37916666666666,80.37916666666666,80.37916666666666
E329,72.16666666666667,,,69.0,75.5,,70.0,65.5,79.0,,76.8,2026-2,72.56666666666668,TERCERO,O2024-2,2026-06-25 11:11:45,73.16,5,1,72.56666666666668,72.56666666666668,72.56666666666668
E33,63.75,,,,66.5,,,64.33333333333333,70.0,,70.5,2019-2,67.01666666666667,PRIMER,O2018-2,2026-06-25 11:11:45,66.31,6,1,67.01666666666667,67.01666666666667,67.01666666666667
E330,64.25,,,,60.333333333333336,,,70.0,63.333333333333336,,69.5,2025-2,65.48333333333333,PRIMER,O2024-2,2026-06-25 11:11:45,64.38,4,1,65.48333333333333,65.48333333333333,65.48333333333333
E331,82.5,,,,87.0,,,89.0,81.0,,76.0,2024-2,83.1,PRIMER,O2024-2,2026-06-25 11:11:45,83.0,0,0,83.1,83.1,83.1
E332,64.75,,,,62.666666666666664,,,71.0,62.0,,61.0,2025-2,64.28333333333333,PRIMER,O2024-2,2026-06-25 11:11:45,63.54,4,1,64.28333333333333,64.28333333333333,64.28333333333333
E333,79.77777777777777,,,80.0,82.0,,77.0,72.0,75.0,87.0,77.3,2026-2,78.75972222222222,QUINTO,O2024-2,2026-06-25 11:11:45,79.23,0,0,78.75972222222222,78.75972222222222,78.75972222222222
E334,70.8,,,81.0,79.5,,78.0,83.0,78.5,,74.75,2026-2,77.93571428571428,SEGUNDO,O2024-2,2026-06-25 11:11:45,74.56,5,1,77.93571428571428,77.93571428571428,77.93571428571428
E335,69.25,,,,74.5,,,63.0,66.5,,60.0,2025-2,66.65,PRIMER,O2024-2,2026-06-25 11:11:46,66.77,5,1,66.65,66.65,66.65
E336,87.75,,,82.0,87.66666666666667,,81.0,86.0,79.66666666666667,79.0,79.54545454545455,2026-2,82.8285984848485,CUARTO,O2024-2,2026-06-25 11:11:46,82.87,2,0,82.8285984848485,82.8285984848485,82.8285984848485
E337,68.0,,,,75.0,,,72.5,69.66666666666667,,66.6,2026-1,70.35333333333332,SEGUNDO,O2024-2,2026-06-25 11:11:46,69.11,5,1,70.35333333333332,70.35333333333332,70.35333333333332
E338,79.77777777777777,,,95.0,82.0,,85.0,79.0,77.0,78.33333333333333,82.2,2026-2,82.28888888888889,QUINTO,O2024-2,2026-06-25 11:11:46,81.13,0,0,82.28888888888889,82.28888888888889,82.28888888888889
E339,75.75,,,75.0,73.33333333333333,,84.0,80.0,76.5,71.0,73.45454545454545,2026-2,76.12973484848484,CUARTO,O2024-2,2026-06-25 11:11:46,74.63,3,0,76.12973484848484,76.12973484848484,76.12973484848484
E34,78.33333333333333,83.33333333333333,81.0,74.85714285714286,81.25,73.0,71.0,72.0,77.0,77.57142857142857,75.66666666666667,2023-2,76.81926406926407,NOVENO,O2018-2,2026-06-25 11:11:46,76.94,7,0,76.81926406926407,76.81926406926407,76.81926406926407
E340,83.5,,,71.0,81.0,,83.0,78.0,85.0,87.66666666666667,84.1,2026-2,81.65833333333333,CUARTO,O2024-2,2026-06-25 11:11:47,83.27,1,0,81.65833333333333,81.65833333333333,81.65833333333333
E341,76.88888888888889,,,76.0,74.75,,74.0,72.0,80.5,81.0,75.2,2026-2,76.29236111111112,TERCERO,O2024-2,2026-06-25 11:11:47,75.97,4,0,76.29236111111112,76.29236111111112,76.29236111111112
E342,74.875,,,78.0,72.6,,70.0,72.0,69.0,77.0,71.8,2026-2,73.15937500000001,CUARTO,O2024-2,2026-06-25 11:11:47,72.8,5,0,73.15937500000001,73.15937500000001,73.15937500000001
E343,81.22222222222223,,,86.0,80.66666666666667,,86.0,90.0,86.0,79.66666666666667,79.7,2026-2,83.65694444444445,QUINTO,O2024-2,2026-06-25 11:11:47,81.43,0,0,83.65694444444445,83.65694444444445,83.65694444444445
E344,71.55555555555556,,,68.5,82.0,,70.5,72.0,70.5,66.0,71.9,2026-2,71.61944444444444,TERCERO,O2024-2,2026-06-25 11:11:47,72.2,6,0,71.61944444444444,71.61944444444444,71.61944444444444
E345,68.5,,,,68.66666666666667,,,72.0,85.0,,60.333333333333336,2025-2,70.9,PRIMER,O2024-2,2026-06-25 11:11:47,68.46,4,1,70.9,70.9,70.9
E346,81.22222222222223,,,79.0,84.33333333333333,,93.0,90.0,78.5,80.66666666666667,82.3,2026-2,83.62777777777778,QUINTO,O2024-2,2026-06-25 11:11:47,82.27,0,0,83.62777777777778,83.62777777777778,83.62777777777778
E347,71.72727272727273,,,78.0,71.33333333333333,,80.0,70.0,73.5,81.0,76.625,2026-2,75.27320075757575,CUARTO,O2024-2,2026-06-25 11:11:47,73.97,6,0,75.27320075757575,75.27320075757575,75.27320075757575
E348,74.125,,,73.0,77.33333333333333,,70.0,75.0,71.0,69.5,74.9,2026-2,73.10729166666667,CUARTO,O2024-2,2026-06-25 11:11:48,73.8,5,0,73.10729166666667,73.10729166666667,73.10729166666667
E349,80.25,,,80.0,75.0,,84.0,75.0,79.5,80.0,76.63636363636364,2026-2,78.79829545454545,CUARTO,O2024-2,2026-06-25 11:11:48,78.1,2,0,78.79829545454545,78.79829545454545,78.79829545454545
E35,66.4,,,,71.33333333333333,,,67.0,70.0,,71.0,2019-2,69.14666666666668,PRIMER,O2018-2,2026-06-25 11:11:48,68.62,4,1,69.14666666666668,69.14666666666668,69.14666666666668
E350,80.0,,,78.0,81.33333333333333,,78.0,85.0,88.5,84.66666666666667,85.0,2026-2,82.5625,QUINTO,O2024-2,2026-06-25 11:11:48,82.87,0,0,82.5625,82.5625,82.5625
E351,67.25,,,,56.0,,,62.333333333333336,71.0,,63.5,2026-1,64.01666666666668,PRIMER,O2025-1,2026-06-25 11:11:48,63.23,4,1,64.01666666666668,64.01666666666668,64.01666666666668
E352,79.57142857142857,,,81.0,84.33333333333333,,82.0,79.0,82.5,78.0,81.25,2026-2,80.95684523809524,CUARTO,O2025-1,2026-06-25 11:11:48,81.04,0,0,80.95684523809524,80.95684523809524,80.95684523809524
E353,63.25,,,,65.0,,,64.0,66.33333333333333,,56.0,2026-1,62.916666666666664,PRIMER,O2025-1,2026-06-25 11:11:48,62.71,6,1,62.916666666666664,62.916666666666664,62.916666666666664
E354,69.8,,,,70.66666666666667,,,74.0,69.0,,65.5,2026-1,69.79333333333334,PRIMER,O2025-1,2026-06-25 11:11:48,69.54,4,1,69.79333333333334,69.79333333333334,69.79333333333334
E355,79.0,,,78.0,78.0,,80.0,88.0,79.5,82.0,78.5,2026-2,80.375,CUARTO,O2025-1,2026-06-25 11:11:48,79.25,0,0,80.375,80.375,80.375
E356,71.85714285714286,,,,65.6,,,71.5,71.0,,70.0,2026-2,69.99142857142857,SEGUNDO,O2025-1,2026-06-25 11:11:49,69.83,9,0,69.99142857142857,69.99142857142857,69.99142857142857
E357,71.75,,,70.0,78.66666666666667,,70.0,72.0,71.33333333333333,75.0,73.0,2026-2,72.71875,SEGUNDO,O2025-1,2026-06-25 11:11:49,72.88,5,0,72.71875,72.71875,72.71875
E358,70.25,,,,72.5,,,66.66666666666667,72.0,,68.0,2026-1,69.88333333333334,PRIMER,O2025-1,2026-06-25 11:11:49,69.38,2,1,69.88333333333334,69.88333333333334,69.88333333333334
E359,63.75,,,,70.0,,,60.333333333333336,73.0,,56.0,2026-1,64.61666666666667,PRIMER,O2025-1,2026-06-25 11:11:49,63.92,4,1,64.61666666666667,64.61666666666667,64.61666666666667
E36,67.33333333333333,,,,61.333333333333336,,,66.66666666666667,63.333333333333336,,61.0,2019-2,63.933333333333316,PRIMER,O2018-2,2026-06-25 11:11:49,64.14,5,1,63.93333333333332,63.93333333333332,63.93333333333332
E360,78.125,,,68.0,70.5,,76.0,78.0,75.0,79.0,74.33333333333333,2026-2,74.86979166666666,TERCERO,O2025-1,2026-06-25 11:11:49,75.17,3,0,74.86979166666666,74.86979166666666,74.86979166666666
E361,78.5,,,,74.0,,,93.0,88.0,,79.0,2025-1,82.5,PRIMER,O2025-1,2026-06-25 11:11:49,81.83,0,0,82.5,82.5,82.5
E362,73.0,,,69.0,72.0,,70.0,78.0,72.0,66.0,74.4,2026-2,71.8,TERCERO,O2025-1,2026-06-25 11:11:49,72.54,3,0,71.8,71.8,71.8
E363,64.5,,,,63.0,,,69.5,71.0,,65.33333333333333,2026-1,66.66666666666666,PRIMER,O2025-1,2026-06-25 11:11:50,65.62,4,1,66.66666666666666,66.66666666666666,66.66666666666666
E364,69.0,,,,64.0,,,62.0,65.5,,70.0,2026-1,66.1,PRIMER,O2025-1,2026-06-25 11:11:50,65.77,5,1,66.1,66.1,66.1
E365,68.83333333333333,,,,74.0,,,66.33333333333333,73.0,,75.0,2026-1,71.43333333333332,PRIMER,O2025-1,2026-06-25 11:11:50,70.21,2,1,71.43333333333332,71.43333333333332,71.43333333333332
E366,72.5,,,,63.75,,,73.0,68.0,,69.5,2026-1,69.35,PRIMER,O2025-1,2026-06-25 11:11:50,68.69,4,1,69.35,69.35,69.35
E367,69.5,,,,72.5,,,64.0,71.5,,69.5,2026-1,69.4,PRIMER,O2025-1,2026-06-25 11:11:50,69.0,3,1,69.4,69.4,69.4
E368,74.5,,,,79.0,,,77.0,81.0,,71.75,2025-2,76.65,PRIMER,O2025-1,2026-06-25 11:11:50,75.08,1,0,76.65,76.65,76.65
E369,82.71428571428571,,,85.0,79.33333333333333,,70.0,73.0,80.5,76.0,80.125,2026-2,78.33407738095238,CUARTO,O2025-1,2026-06-25 11:11:50,80.12,0,0,78.33407738095238,78.33407738095238,78.33407738095238
E37,75.15384615384616,72.0,72.0,75.71428571428571,77.0,72.66666666666667,70.0,75.0,73.42857142857143,75.875,73.81818181818181,2024-1,73.87786834377744,SEPTIMO,O2018-2,2026-06-25 11:11:50,74.42,16,0,73.87786834377744,73.87786834377744,73.87786834377744
E370,77.125,,,74.0,76.0,,76.0,79.0,80.5,88.0,80.16666666666667,2026-2,78.84895833333334,TERCERO,O2025-1,2026-06-25 11:11:50,78.33,2,0,78.84895833333334,78.84895833333334,78.84895833333334
E371,67.75,,,,64.66666666666667,,,64.33333333333333,65.0,,72.0,2026-1,66.75,PRIMER,O2025-1,2026-06-25 11:11:51,66.15,5,1,66.75,66.75,66.75
E372,60.5,,,,57.333333333333336,,,71.0,62.666666666666664,,60.333333333333336,2026-1,62.36666666666665,PRIMER,O2025-1,2026-06-25 11:11:51,61.0,5,1,62.36666666666666,62.36666666666666,62.36666666666666
E373,80.0,,,83.0,78.33333333333333,,79.0,68.5,73.0,88.0,76.28571428571429,2026-2,78.26488095238095,TERCERO,O2025-1,2026-06-25 11:11:51,77.58,1,0,78.26488095238095,78.26488095238095,78.26488095238095
E374,83.625,,,84.0,79.0,,85.0,82.0,80.5,77.0,80.0,2026-2,81.390625,TERCERO,O2025-1,2026-06-25 11:11:51,81.46,1,0,81.390625,81.390625,81.390625
E375,81.14285714285714,,,94.0,76.0,,76.0,80.0,81.0,81.0,81.14285714285714,2026-2,81.28571428571428,TERCERO,O2025-1,2026-06-25 11:11:51,80.54,1,0,81.28571428571428,81.28571428571428,81.28571428571428
E376,72.33333333333333,,,,69.66666666666667,,81.0,83.0,80.0,,71.66666666666667,2026-2,76.27777777777779,SEGUNDO,O2025-2,2026-06-25 11:11:51,73.17,2,0,76.27777777777779,76.27777777777779,76.27777777777779
E377,80.28571428571429,,,85.0,87.0,,84.0,73.0,72.0,,79.2,2026-2,80.06938775510204,TERCERO,O2025-2,2026-06-25 11:11:51,80.33,0,0,80.06938775510204,80.06938775510204,80.06938775510204
E378,78.42857142857143,,,,76.0,,87.0,78.0,75.0,,77.16666666666667,2026-2,78.59920634920636,SEGUNDO,O2025-2,2026-06-25 11:11:51,78.0,2,0,78.59920634920636,78.59920634920636,78.59920634920636
E379,77.85714285714286,,,87.0,80.5,,79.0,89.0,79.0,,77.2,2026-2,81.36530612244898,TERCERO,O2025-2,2026-06-25 11:11:51,79.22,0,0,81.36530612244898,81.36530612244898,81.36530612244898
E38,80.28571428571429,,,89.0,82.0,,81.0,76.0,77.0,70.0,76.875,2020-1,79.02008928571428,CUARTO,O2018-2,2026-06-25 11:11:51,78.88,0,0,79.02008928571428,79.02008928571428,79.02008928571428
E380,70.57142857142857,,,84.0,78.5,,71.0,74.0,76.0,,73.8,2026-2,75.41020408163264,SEGUNDO,O2025-2,2026-06-25 11:11:52,73.61,1,0,75.41020408163264,75.41020408163264,75.41020408163264
E381,81.42857142857143,,,,74.33333333333333,,92.0,85.0,77.0,,81.6,2026-2,81.89365079365079,SEGUNDO,O2025-2,2026-06-25 11:11:52,80.83,1,0,81.89365079365079,81.89365079365079,81.89365079365079
E382,66.25,,,,63.333333333333336,,,70.0,64.33333333333333,,69.0,2026-2,66.58333333333334,PRIMER,O2025-2,2026-06-25 11:11:52,65.85,3,1,66.58333333333334,66.58333333333334,66.58333333333334
E383,64.25,,,,66.5,,,67.0,70.0,,76.0,2026-2,68.75,PRIMER,O2025-2,2026-06-25 11:11:52,67.15,5,1,68.75,68.75,68.75
E384,65.75,,,,65.5,,,64.0,74.0,,63.666666666666664,2026-2,66.58333333333334,PRIMER,O2025-2,2026-06-25 11:11:52,65.46,2,1,66.58333333333334,66.58333333333334,66.58333333333334
E385,83.71428571428571,,,82.0,78.0,,77.0,80.0,77.0,,82.2,2026-2,79.98775510204082,TERCERO,O2025-2,2026-06-25 11:11:52,81.61,0,0,79.98775510204082,79.98775510204082,79.98775510204082
E386,74.0,,,,73.0,,79.0,78.0,77.0,,76.4,2026-2,76.23333333333333,PRIMER,O2025-2,2026-06-25 11:11:52,75.11,2,0,76.23333333333333,76.23333333333333,76.23333333333333
E387,62.0,,,,65.0,,,58.333333333333336,57.5,,60.5,2026-2,60.666666666666664,PRIMER,O2025-2,2026-06-25 11:11:52,60.69,6,1,60.66666666666667,60.66666666666667,60.66666666666667
E388,71.0,,,,70.66666666666667,,,62.666666666666664,64.0,,67.0,2026-2,67.06666666666668,PRIMER,O2025-2,2026-06-25 11:11:52,67.31,3,1,67.06666666666668,67.06666666666668,67.06666666666668
E389,71.66666666666667,,,,79.0,,60.0,70.0,72.0,,68.71428571428571,2026-2,70.23015873015873,PRIMER,O2025-2,2026-06-25 11:11:52,70.61,4,0,70.23015873015873,70.23015873015873,70.23015873015873
E39,60.75,,,,67.0,,,59.0,61.5,,66.5,2019-2,62.95000000000001,PRIMER,O2018-2,2026-06-25 11:11:53,62.31,4,1,62.95,62.95,62.95
E390,77.16666666666667,,,,73.33333333333333,,71.0,85.0,81.0,,73.0,2026-2,76.75,PRIMER,O2025-2,2026-06-25 11:11:53,75.44,3,0,76.75,76.75,76.75
E391,77.57142857142857,,,67.0,81.5,,82.0,86.0,85.0,,81.0,2026-2,80.01020408163265,SEGUNDO,O2025-2,2026-06-25 11:11:53,79.5,1,0,80.01020408163265,80.01020408163265,80.01020408163265
E392,64.0,,,,63.0,,,65.66666666666667,62.5,,57.5,2026-2,62.53333333333334,PRIMER,O2025-2,2026-06-25 11:11:53,63.0,6,1,62.53333333333334,62.53333333333334,62.53333333333334
E393,63.0,,,,62.0,,,74.0,64.33333333333333,,59.5,2026-2,64.56666666666666,PRIMER,O2025-2,2026-06-25 11:11:53,63.38,5,1,64.56666666666666,64.56666666666666,64.56666666666666
E394,72.0,,,,74.5,,73.0,79.0,76.0,,72.16666666666667,2026-2,74.44444444444444,PRIMER,O2025-2,2026-06-25 11:11:53,73.0,3,0,74.44444444444444,74.44444444444444,74.44444444444444
E395,66.0,,,,62.5,,,75.0,67.0,,73.5,2026-2,68.8,PRIMER,O2025-2,2026-06-25 11:11:53,66.92,4,1,68.8,68.8,68.8
E396,83.28571428571429,,,,91.5,,91.0,83.0,81.0,,81.5,2026-2,85.21428571428571,SEGUNDO,O2025-2,2026-06-25 11:11:53,83.89,1,0,85.21428571428571,85.21428571428571,85.21428571428571
E397,84.57142857142857,,,73.0,81.5,,86.0,81.0,73.0,,80.2,2026-2,79.89591836734694,TERCERO,O2025-2,2026-06-25 11:11:53,81.61,0,0,79.89591836734694,79.89591836734694,79.89591836734694
E398,77.5,,,,94.0,,,81.0,85.0,,77.0,2025-2,82.9,PRIMER,O2025-2,2026-06-25 11:11:53,82.0,0,0,82.9,82.9,82.9
E399,84.28571428571429,,,81.0,84.0,,75.0,79.0,81.0,,82.6,2026-2,80.98367346938775,TERCERO,O2025-2,2026-06-25 11:11:53,82.61,0,0,80.98367346938775,80.98367346938775,80.98367346938775
E4,61.5,,,,63.5,,,61.0,68.0,,61.5,2019-1,63.1,PRIMER,O2018-1,2026-06-25 11:11:54,62.69,6,1,63.1,63.1,63.1
E40,63.0,,,,68.5,,,61.333333333333336,66.0,,64.0,2019-2,64.56666666666668,PRIMER,O2018-2,2026-06-25 11:11:54,64.08,4,1,64.56666666666668,64.56666666666668,64.56666666666668
E400,67.4,,,,64.33333333333333,,,70.0,71.0,,62.666666666666664,2026-2,67.08000000000001,PRIMER,O2025-2,2026-06-25 11:11:54,66.08,3,1,67.08000000000001,67.08000000000001,67.08000000000001
E41,71.22222222222223,,,67.0,72.33333333333333,,77.0,71.0,69.5,,70.0,2020-2,71.15079365079364,SEGUNDO,O2018-2,2026-06-25 11:11:54,70.92,6,1,71.15079365079364,71.15079365079364,71.15079365079364
E42,72.0,,,80.0,73.5,,79.0,71.0,69.5,,68.0,2020-2,73.28571428571429,SEGUNDO,O2018-2,2026-06-25 11:11:54,71.16,6,1,73.28571428571429,73.28571428571429,73.28571428571429
E43,63.75,,,,64.5,,,57.666666666666664,66.0,,60.5,2019-2,62.48333333333333,PRIMER,O2018-2,2026-06-25 11:11:54,62.31,5,1,62.48333333333333,62.48333333333333,62.48333333333333
E44,68.25,,,,62.0,,,70.0,71.0,,63.0,2019-2,66.85,PRIMER,O2018-2,2026-06-25 11:11:54,66.15,4,1,66.85,66.85,66.85
E45,72.5,,,72.0,76.5,,74.0,78.0,72.0,,74.4,2020-1,74.2,SEGUNDO,O2018-2,2026-06-25 11:11:54,73.74,1,1,74.2,74.2,74.2
E46,72.33333333333333,,,,63.333333333333336,,,68.33333333333333,68.0,,73.0,2019-2,69.0,PRIMER,O2018-2,2026-06-25 11:11:54,68.77,3,1,69.0,69.0,69.0
E47,78.6,,,,83.5,,,77.0,68.5,,75.5,2019-1,76.62,PRIMER,O2018-2,2026-06-25 11:11:54,77.08,2,0,76.62,76.62,76.62
E48,62.0,,,,64.66666666666667,,,58.333333333333336,71.0,,54.5,2019-2,62.1,PRIMER,O2018-2,2026-06-25 11:11:54,61.31,5,1,62.1,62.1,62.1
E49,75.42857142857143,79.0,73.0,75.0,73.5,72.33333333333333,77.0,76.0,71.2,73.77777777777777,73.875,2024-1,74.55588023088025,NOVENO,O2018-2,2026-06-25 11:11:55,74.3,9,0,74.55588023088025,74.55588023088025,74.55588023088025
E5,59.75,,,,66.33333333333333,,,61.666666666666664,65.0,,71.0,2019-1,64.75,PRIMER,O2018-1,2026-06-25 11:11:55,63.38,5,1,64.75,64.75,64.75
E50,73.29411764705883,73.5,77.0,74.83333333333333,71.66666666666667,75.0,69.5,85.0,72.75,71.88888888888889,74.70588235294117,2024-2,74.46717171717172,NOVENO,O2018-2,2026-06-25 11:11:55,73.59,12,0,74.46717171717172,74.46717171717172,74.46717171717172
E51,78.63636363636364,79.33333333333333,83.0,82.83333333333333,84.0,74.5,83.0,77.0,81.25,81.57142857142857,84.33333333333333,2023-2,80.85979929161748,NOVENO,O2019-1,2026-06-25 11:11:55,81.62,0,0,80.85979929161748,80.85979929161748,80.85979929161748
E52,78.84615384615384,80.66666666666667,86.0,78.42857142857143,82.75,74.0,87.0,85.0,78.6,77.57142857142857,80.13333333333334,2023-2,80.81783216783217,NOVENO,O2019-1,2026-06-25 11:11:56,79.51,4,0,80.81783216783217,80.81783216783217,80.81783216783217
E53,73.0,,,,67.5,,,61.0,69.0,,57.5,2020-1,65.6,PRIMER,O2019-1,2026-06-25 11:11:56,66.38,5,1,65.6,65.6,65.6
E54,58.75,,,,60.333333333333336,,,59.0,76.0,,62.0,2020-1,63.216666666666676,PRIMER,O2019-1,2026-06-25 11:11:56,61.0,5,1,63.216666666666676,63.216666666666676,63.216666666666676
E55,66.8,,,,70.0,,,81.0,65.5,,75.0,2020-1,71.66,PRIMER,O2019-1,2026-06-25 11:11:56,69.69,4,1,71.66,71.66,71.66
E56,75.6923076923077,77.0,77.0,82.5,77.16666666666667,75.5,72.0,77.0,80.75,75.85714285714286,78.5,2024-1,77.17873792873793,NOVENO,O2019-1,2026-06-25 11:11:56,77.66,6,0,77.17873792873793,77.17873792873793,77.17873792873793
E57,73.45454545454545,,,75.0,69.25,,76.0,75.0,73.0,,77.8,2021-1,74.21493506493506,TERCERO,O2019-1,2026-06-25 11:11:56,73.81,5,1,74.21493506493506,74.21493506493506,74.21493506493506
E58,68.55555555555556,,,,66.25,,69.0,70.0,79.0,,68.4,2021-1,70.20092592592592,SEGUNDO,O2019-1,2026-06-25 11:11:56,68.67,9,1,70.20092592592592,70.20092592592592,70.20092592592592
E59,75.33333333333333,69.6,76.0,71.7,72.5,76.0,70.0,73.5,75.0,71.75,74.89473684210526,2025-1,73.29800637958533,NOVENO,O2019-1,2026-06-25 11:11:57,73.47,13,0,73.29800637958533,73.29800637958533,73.29800637958533
E6,74.8125,75.25,87.0,76.5,72.66666666666667,76.5,69.0,82.0,77.5,77.57142857142857,73.95,2023-2,76.61369047619048,OCTAVO,O2018-1,2026-06-25 11:11:57,75.18,14,0,76.61369047619048,76.61369047619048,76.61369047619048
E60,70.41666666666667,,,74.0,69.4,,71.0,73.0,67.5,73.0,70.0,2021-2,71.03958333333334,TERCERO,O2019-1,2026-06-25 11:11:57,70.09,9,1,71.03958333333334,71.03958333333334,71.03958333333334
E61,78.08333333333333,76.0,72.0,78.57142857142857,75.5,79.0,79.0,82.0,76.75,82.0,79.75,2023-2,78.05952380952381,OCTAVO,O2019-1,2026-06-25 11:11:58,78.76,4,0,78.05952380952381,78.05952380952381,78.05952380952381
E62,65.0,,,,68.0,,,64.66666666666667,56.0,,61.0,2020-1,62.93333333333334,PRIMER,O2019-1,2026-06-25 11:11:58,63.38,5,1,62.93333333333334,62.93333333333334,62.93333333333334
E63,68.5,,,,58.5,,,75.0,65.5,,64.0,2020-1,66.3,PRIMER,O2019-1,2026-06-25 11:11:58,64.77,2,1,66.3,66.3,66.3
E64,80.25,84.33333333333333,89.0,78.66666666666667,80.25,79.0,84.0,86.0,82.25,80.57142857142857,81.8,2023-2,82.37467532467532,NOVENO,O2019-1,2026-06-25 11:11:58,81.18,1,0,82.37467532467532,82.37467532467532,82.37467532467532
E65,82.81818181818181,77.66666666666667,87.0,81.16666666666667,81.75,88.0,85.0,75.0,79.5,81.57142857142857,78.53333333333333,2023-2,81.63693427784337,NOVENO,O2019-1,2026-06-25 11:11:58,80.87,0,0,81.63693427784337,81.63693427784337,81.63693427784337
E66,60.25,,,,66.5,,,59.333333333333336,63.0,,64.0,2020-1,62.616666666666674,PRIMER,O2019-1,2026-06-25 11:11:58,62.0,5,1,62.616666666666674,62.616666666666674,62.616666666666674
E67,78.81818181818181,77.0,93.0,78.33333333333333,77.5,80.0,71.0,85.0,75.25,80.42857142857143,80.06666666666666,2023-2,79.6724321133412,NOVENO,O2019-1,2026-06-25 11:11:59,79.13,0,0,79.6724321133412,79.6724321133412,79.6724321133412
E68,67.0,,,,59.0,,,68.5,62.666666666666664,,62.5,2020-1,63.93333333333334,PRIMER,O2019-1,2026-06-25 11:11:59,63.69,4,1,63.93333333333334,63.93333333333334,63.93333333333334
E69,81.0909090909091,76.33333333333333,82.0,76.14285714285714,76.5,76.5,76.0,72.0,78.0,79.375,80.2,2023-2,77.64928177882724,NOVENO,O2019-1,2026-06-25 11:11:59,78.82,2,0,77.64928177882724,77.64928177882724,77.64928177882724
E7,77.18181818181819,67.5,,71.11111111111111,73.5,73.5,77.0,75.0,73.5,73.88888888888889,76.5625,2023-1,73.87443181818182,OCTAVO,O2018-1,2026-06-25 11:11:59,74.56,9,1,73.87443181818182,73.87443181818182,73.87443181818182
E70,63.0,,,,65.0,,,63.333333333333336,60.0,,66.0,2020-1,63.466666666666676,PRIMER,O2019-1,2026-06-25 11:11:59,63.38,6,1,63.466666666666676,63.466666666666676,63.466666666666676
E71,77.57142857142857,72.2,73.0,72.44444444444444,74.16666666666667,76.0,74.0,70.0,77.6,73.88888888888889,75.0,2025-1,74.17012987012988,NOVENO,O2019-1,2026-06-25 11:12:00,74.87,11,1,74.17012987012988,74.17012987012988,74.17012987012988
E72,67.6,,,,71.5,,,70.5,72.0,,61.333333333333336,2020-1,68.58666666666667,PRIMER,O2019-1,2026-06-25 11:12:00,67.54,4,1,68.58666666666667,68.58666666666667,68.58666666666667
E73,75.91666666666667,79.5,86.0,76.0,75.6,77.5,84.0,75.0,76.6,73.55555555555556,76.05882352941177,2024-2,77.79373143196672,NOVENO,O2019-1,2026-06-25 11:12:00,76.2,9,0,77.79373143196672,77.79373143196672,77.79373143196672
E74,72.85714285714286,77.0,,69.25,72.25,75.0,80.0,79.0,67.85714285714286,73.75,72.86666666666666,2023-2,73.98309523809525,SEXTO,O2019-1,2026-06-25 11:12:00,72.41,10,1,73.98309523809525,73.98309523809525,73.98309523809525
E75,69.9,,,,70.0,,76.0,69.33333333333333,72.0,,65.22222222222223,2021-1,70.40925925925926,SEGUNDO,O2019-1,2026-06-25 11:12:01,68.54,8,1,70.40925925925926,70.40925925925926,70.40925925925926
E76,59.75,,,,60.5,,,66.0,60.0,,62.5,2020-2,61.75,PRIMER,O2019-2,2026-06-25 11:12:01,61.64,6,1,61.75,61.75,61.75
E77,74.23076923076923,74.66666666666667,77.0,76.5,73.75,82.5,77.0,73.0,77.6,73.9,73.2,2024-2,75.75885780885781,OCTAVO,O2019-2,2026-06-25 11:12:01,74.64,9,0,75.75885780885781,75.75885780885781,75.75885780885781
E78,77.27272727272727,81.66666666666667,82.0,78.16666666666667,80.0,79.5,74.0,78.0,83.0,80.85714285714286,81.05882352941177,2024-1,79.5929115447832,NOVENO,O2019-2,2026-06-25 11:12:01,79.88,3,0,79.5929115447832,79.5929115447832,79.5929115447832
E79,79.5,,,,85.0,,,80.0,92.0,,88.0,2019-2,84.9,PRIMER,O2019-2,2026-06-25 11:12:01,84.0,0,0,84.9,84.9,84.9
E8,78.33333333333333,77.0,82.0,85.5,84.5,78.5,76.0,82.0,87.75,76.5,79.9375,2023-1,80.72916666666666,NOVENO,O2018-1,2026-06-25 11:12:02,80.31,4,0,80.72916666666666,80.72916666666666,80.72916666666666
E80,78.63636363636364,77.25,81.0,76.57142857142857,80.0,81.0,72.0,78.0,80.5,76.71428571428571,79.73333333333333,2024-2,78.30958284140102,NOVENO,O2019-2,2026-06-25 11:12:02,78.61,4,0,78.30958284140102,78.30958284140102,78.30958284140102
E81,81.9090909090909,78.0,71.0,78.83333333333333,81.5,78.0,82.0,79.0,83.5,78.5,80.9375,2024-1,79.37999311294766,NOVENO,O2019-2,2026-06-25 11:12:02,80.33,2,0,79.37999311294766,79.37999311294766,79.37999311294766
E82,80.36363636363636,78.66666666666667,84.0,84.0,86.5,78.5,94.0,78.0,85.0,82.28571428571429,82.0625,2024-1,83.03441066509248,NOVENO,O2019-2,2026-06-25 11:12:02,82.36,1,0,83.03441066509248,83.03441066509248,83.03441066509248
E83,59.25,,,,53.0,,,62.333333333333336,76.0,,58.5,2020-2,61.816666666666684,PRIMER,O2019-2,2026-06-25 11:12:03,59.69,5,1,61.81666666666668,61.81666666666668,61.81666666666668
E84,65.8,,,,65.75,,,78.0,68.0,,66.5,2020-2,68.81,PRIMER,O2019-2,2026-06-25 11:12:03,67.13,3,1,68.81,68.81,68.81
E85,72.5625,74.0,72.0,77.14285714285714,74.33333333333333,73.0,74.0,72.0,76.75,76.375,77.5,2025-1,74.51488095238095,NOVENO,O2019-2,2026-06-25 11:12:03,75.16,9,0,74.51488095238095,74.51488095238095,74.51488095238095
E86,71.57142857142857,,,,64.25,,76.0,74.0,70.0,,72.0,2021-1,71.30357142857143,SEGUNDO,O2019-2,2026-06-25 11:12:03,70.42,2,1,71.30357142857143,71.30357142857143,71.30357142857143
E87,64.2,,,,67.75,,,69.33333333333333,75.0,,70.0,2020-2,69.25666666666666,PRIMER,O2019-2,2026-06-25 11:12:03,67.67,4,1,69.25666666666666,69.25666666666666,69.25666666666666
E88,74.92307692307692,70.0,86.0,75.16666666666667,70.125,72.33333333333333,71.0,77.0,76.75,76.0,74.38095238095238,2025-2,74.87991175491176,NOVENO,O2019-2,2026-06-25 11:12:04,74.06,11,0,74.87991175491176,74.87991175491176,74.87991175491176
E89,62.0,,,,66.0,,,64.66666666666667,63.5,,64.5,2020-2,64.13333333333334,PRIMER,O2019-2,2026-06-25 11:12:04,63.85,6,1,64.13333333333334,64.13333333333334,64.13333333333334
E9,62.5,,,,63.5,,,72.0,68.0,,70.0,2019-1,67.2,PRIMER,O2018-1,2026-06-25 11:12:04,65.54,5,1,67.2,67.2,67.2
E90,78.45454545454545,78.33333333333333,70.0,77.83333333333333,83.5,93.5,79.0,81.0,77.0,79.28571428571429,77.3529411764706,2024-1,79.56907887121791,NOVENO,O2019-2,2026-06-25 11:12:04,78.81,3,0,79.56907887121791,79.56907887121791,79.56907887121791
E91,67.0,,,,70.5,,,65.33333333333333,74.5,,67.0,2020-2,68.86666666666666,PRIMER,O2019-2,2026-06-25 11:12:04,68.31,5,1,68.86666666666666,68.86666666666666,68.86666666666666
E92,83.81818181818181,80.75,81.0,85.66666666666667,83.0,87.0,93.0,85.0,82.0,80.75,84.33333333333333,2024-2,84.2107438016529,NOVENO,O2019-2,2026-06-25 11:12:05,83.56,2,0,84.2107438016529,84.2107438016529,84.2107438016529
E93,75.42857142857143,,,72.0,67.5,,72.0,76.0,67.0,,69.5,2021-2,71.34693877551021,SEGUNDO,O2019-2,2026-06-25 11:12:05,71.0,5,1,71.34693877551021,71.34693877551021,71.34693877551021
E94,67.5,,,,65.0,,,67.5,69.0,,65.0,2020-2,66.8,PRIMER,O2019-2,2026-06-25 11:12:05,66.77,4,1,66.8,66.8,66.8
E95,62.75,,,,65.5,,,61.666666666666664,65.5,,69.0,2020-2,64.88333333333333,PRIMER,O2019-2,2026-06-25 11:12:05,64.31,6,1,64.88333333333333,64.88333333333333,64.88333333333333
E96,58.5,,,,52.5,,,59.333333333333336,61.5,,60.0,2020-2,58.366666666666674,PRIMER,O2019-2,2026-06-25 11:12:05,58.46,6,1,58.366666666666674,58.366666666666674,58.366666666666674
E97,60.5,,,,64.0,,,60.0,68.5,,63.5,2020-2,63.29999999999999,PRIMER,O2019-2,2026-06-25 11:12:05,62.62,6,1,63.3,63.3,63.3
E98,78.63636363636364,71.0,72.0,73.71428571428571,80.75,83.5,72.0,72.0,74.2,74.75,75.17647058823529,2025-1,75.24791999444405,NOVENO,O2019-2,2026-06-25 11:12:05,75.63,6,1,75.24791999444405,75.24791999444405,75.24791999444405
E99,75.875,,,90.0,74.0,,72.0,78.0,74.0,73.0,75.72727272727273,2021-2,76.5752840909091,CUARTO,O2019-2,2026-06-25 11:12:06,75.67,3,0,76.5752840909091,76.5752840909091,76.5752840909091
