ID_EST,desempeño,repitencia,deserción,ID_Cohorte,Nivel,Periodo,Fecha_matriculacion,Fecha_carga
E1,72.93,7,1,O2018-1,PRIMER,2018-1,2018-03-01,2026-06-25
E10,83.41,1,0,O2018-1,PRIMER,2018-1,2018-03-01,2026-06-25
E100,81.05,1,0,O2019-2,PRIMER,2019-2,2019-09-01,2026-06-25
E101,72.23,2,1,O2020-1,PRIMER,2020-1,2020-03-01,2026-06-25
E102,77.54,4,0,O2020-1,PRIMER,2020-1,2020-03-01,2026-06-25
E103,82.37,1,0,O2020-1,PRIMER,2020-1,2020-03-01,2026-06-25
E104,73.44,11,0,O2020-1,PRIMER,2020-1,2020-03-01,2026-06-25
E105,74.25,9,1,O2020-1,PRIMER,2020-1,2020-03-01,2026-06-25
E106,65.57,4,1,O2020-1,PRIMER,2020-1,2020-03-01,2026-06-25
E107,59.54,6,1,O2020-1,PRIMER,2020-1,2020-03-01,2026-06-25
E108,64.38,5,1,O2020-1,PRIMER,2020-1,2020-03-01,2026-06-25
E109,73.92,1,1,O2020-1,PRIMER,2020-1,2020-03-01,2026-06-25
E11,60.77,6,1,O2018-1,PRIMER,2018-1,2018-03-01,2026-06-25
E110,81.36,1,0,O2020-1,PRIMER,2020-1,2020-03-01,2026-06-25
E111,65.85,4,1,O2020-1,PRIMER,2020-1,2020-03-01,2026-06-25
E112,66.08,4,1,O2020-1,PRIMER,2020-1,2020-03-01,2026-06-25
E113,80.67,2,0,O2020-1,PRIMER,2020-1,2020-03-01,2026-06-25
E114,70.6,4,1,O2020-1,PRIMER,2020-1,2020-03-01,2026-06-25
E115,67.71,5,1,O2020-1,PRIMER,2020-1,2020-03-01,2026-06-25
E116,58.57,6,1,O2020-1,PRIMER,2020-1,2020-03-01,2026-06-25
E117,75.76,6,0,O2020-1,PRIMER,2020-1,2020-03-01,2026-06-25
E118,73.82,8,0,O2020-1,PRIMER,2020-1,2020-03-01,2026-06-25
E119,69.47,5,1,O2020-1,PRIMER,2020-1,2020-03-01,2026-06-25
E12,77.13,7,0,O2018-1,PRIMER,2018-1,2018-03-01,2026-06-25
E120,63.92,6,1,O2020-1,PRIMER,2020-1,2020-03-01,2026-06-25
E121,64.93,6,1,O2020-1,PRIMER,2020-1,2020-03-01,2026-06-25
E122,69.77,3,1,O2020-1,PRIMER,2020-1,2020-03-01,2026-06-25
E123,70.89,15,1,O2020-1,PRIMER,2020-1,2020-03-01,2026-06-25
E124,61.4,5,1,O2020-1,PRIMER,2020-1,2020-03-01,2026-06-25
E125,60.38,5,1,O2020-1,PRIMER,2020-1,2020-03-01,2026-06-25
E126,66.43,3,1,O2020-2,PRIMER,2020-2,2020-09-01,2026-06-25
E127,82.46,1,0,O2020-2,PRIMER,2020-2,2020-09-01,2026-06-25
E128,76.52,8,0,O2020-2,PRIMER,2020-2,2020-09-01,2026-06-25
E129,85.0,0,0,O2020-2,PRIMER,2020-2,2020-09-01,2026-06-25
E13,71.76,7,1,O2018-1,PRIMER,2018-1,2018-03-01,2026-06-25
E130,64.29,4,1,O2020-2,PRIMER,2020-2,2020-09-01,2026-06-25
E131,78.1,3,0,O2020-2,PRIMER,2020-2,2020-09-01,2026-06-25
E132,80.0,0,0,O2020-2,PRIMER,2020-2,2020-09-01,2026-06-25
E133,81.82,1,0,O2020-2,PRIMER,2020-2,2020-09-01,2026-06-25
E134,69.94,4,0,O2020-2,PRIMER,2020-2,2020-09-01,2026-06-25
E135,74.88,12,0,O2020-2,PRIMER,2020-2,2020-09-01,2026-06-25
E136,69.5,3,1,O2020-2,PRIMER,2020-2,2020-09-01,2026-06-25
E137,79.17,0,0,O2020-2,PRIMER,2020-2,2020-09-01,2026-06-25
E138,64.14,5,1,O2020-2,PRIMER,2020-2,2020-09-01,2026-06-25
E139,62.5,5,1,O2020-2,PRIMER,2020-2,2020-09-01,2026-06-25
E14,75.93,5,0,O2018-1,PRIMER,2018-1,2018-03-01,2026-06-25
E140,67.85,4,1,O2020-2,PRIMER,2020-2,2020-09-01,2026-06-25
E141,65.31,3,1,O2020-2,PRIMER,2020-2,2020-09-01,2026-06-25
E142,62.38,6,1,O2020-2,PRIMER,2020-2,2020-09-01,2026-06-25
E143,79.72,2,0,O2020-2,PRIMER,2020-2,2020-09-01,2026-06-25
E144,77.16,1,1,O2020-2,PRIMER,2020-2,2020-09-01,2026-06-25
E145,66.64,4,1,O2020-2,PRIMER,2020-2,2020-09-01,2026-06-25
E146,71.22,4,0,O2020-2,PRIMER,2020-2,2020-09-01,2026-06-25
E147,80.72,5,0,O2020-2,PRIMER,2020-2,2020-09-01,2026-06-25
E148,83.04,0,0,O2020-2,PRIMER,2020-2,2020-09-01,2026-06-25
E149,67.21,6,1,O2020-2,PRIMER,2020-2,2020-09-01,2026-06-25
E15,59.15,6,1,O2018-1,PRIMER,2018-1,2018-03-01,2026-06-25
E150,71.79,4,1,O2020-2,PRIMER,2020-2,2020-09-01,2026-06-25
E151,81.07,3,0,O2021-1,PRIMER,2021-1,2021-03-01,2026-06-25
E152,81.46,2,0,O2021-1,PRIMER,2021-1,2021-03-01,2026-06-25
E153,83.17,0,0,O2021-1,PRIMER,2021-1,2021-03-01,2026-06-25
E154,69.0,4,1,O2021-1,PRIMER,2021-1,2021-03-01,2026-06-25
E155,71.56,6,1,O2021-1,PRIMER,2021-1,2021-03-01,2026-06-25
E156,68.68,7,1,O2021-1,PRIMER,2021-1,2021-03-01,2026-06-25
E157,65.62,5,1,O2021-1,PRIMER,2021-1,2021-03-01,2026-06-25
E158,79.89,2,0,O2021-1,PRIMER,2021-1,2021-03-01,2026-06-25
E159,68.15,3,1,O2021-1,PRIMER,2021-1,2021-03-01,2026-06-25
E16,62.62,6,1,O2018-1,PRIMER,2018-1,2018-03-01,2026-06-25
E160,78.17,0,0,O2021-1,PRIMER,2021-1,2021-03-01,2026-06-25
E161,80.51,0,0,O2021-1,PRIMER,2021-1,2021-03-01,2026-06-25
E162,74.15,14,0,O2021-1,PRIMER,2021-1,2021-03-01,2026-06-25
E163,77.76,3,0,O2021-1,PRIMER,2021-1,2021-03-01,2026-06-25
E164,77.03,2,1,O2021-1,PRIMER,2021-1,2021-03-01,2026-06-25
E165,81.67,0,0,O2021-1,PRIMER,2021-1,2021-03-01,2026-06-25
E166,75.26,11,0,O2021-1,PRIMER,2021-1,2021-03-01,2026-06-25
E167,63.77,4,1,O2021-1,PRIMER,2021-1,2021-03-01,2026-06-25
E168,59.15,6,1,O2021-1,PRIMER,2021-1,2021-03-01,2026-06-25
E169,61.69,5,1,O2021-1,PRIMER,2021-1,2021-03-01,2026-06-25
E17,67.29,6,1,O2018-1,PRIMER,2018-1,2018-03-01,2026-06-25
E170,80.91,1,0,O2021-1,PRIMER,2021-1,2021-03-01,2026-06-25
E171,64.36,4,1,O2021-1,PRIMER,2021-1,2021-03-01,2026-06-25
E172,62.23,5,1,O2021-1,PRIMER,2021-1,2021-03-01,2026-06-25
E173,74.86,9,0,O2021-1,PRIMER,2021-1,2021-03-01,2026-06-25
E174,85.0,0,0,O2021-1,PRIMER,2021-1,2021-03-01,2026-06-25
E175,71.61,7,1,O2021-1,PRIMER,2021-1,2021-03-01,2026-06-25
E176,84.17,0,0,O2021-2,PRIMER,2021-2,2021-09-01,2026-06-25
E177,70.83,16,0,O2021-2,PRIMER,2021-2,2021-09-01,2026-06-25
E178,78.83,0,0,O2021-2,PRIMER,2021-2,2021-09-01,2026-06-25
E179,64.15,4,1,O2021-2,PRIMER,2021-2,2021-09-01,2026-06-25
E18,70.46,3,1,O2018-1,PRIMER,2018-1,2018-03-01,2026-06-25
E180,61.08,5,1,O2021-2,PRIMER,2021-2,2021-09-01,2026-06-25
E181,65.77,4,1,O2021-2,PRIMER,2021-2,2021-09-01,2026-06-25
E182,67.0,3,1,O2021-2,PRIMER,2021-2,2021-09-01,2026-06-25
E183,60.46,6,1,O2021-2,PRIMER,2021-2,2021-09-01,2026-06-25
E184,77.97,3,0,O2021-2,PRIMER,2021-2,2021-09-01,2026-06-25
E185,81.81,2,0,O2021-2,PRIMER,2021-2,2021-09-01,2026-06-25
E186,78.25,1,0,O2021-2,PRIMER,2021-2,2021-09-01,2026-06-25
E187,64.08,4,1,O2021-2,PRIMER,2021-2,2021-09-01,2026-06-25
E188,82.36,1,0,O2021-2,PRIMER,2021-2,2021-09-01,2026-06-25
E189,84.59,1,0,O2021-2,PRIMER,2021-2,2021-09-01,2026-06-25
E19,78.12,5,0,O2018-1,PRIMER,2018-1,2018-03-01,2026-06-25
E190,74.08,13,0,O2021-2,PRIMER,2021-2,2021-09-01,2026-06-25
E191,81.45,1,0,O2021-2,PRIMER,2021-2,2021-09-01,2026-06-25
E192,70.81,7,1,O2021-2,PRIMER,2021-2,2021-09-01,2026-06-25
E193,67.07,3,1,O2021-2,PRIMER,2021-2,2021-09-01,2026-06-25
E194,59.85,5,1,O2021-2,PRIMER,2021-2,2021-09-01,2026-06-25
E195,65.46,5,1,O2021-2,PRIMER,2021-2,2021-09-01,2026-06-25
E196,82.89,2,0,O2021-2,PRIMER,2021-2,2021-09-01,2026-06-25
E197,60.69,6,1,O2021-2,PRIMER,2021-2,2021-09-01,2026-06-25
E198,79.44,2,0,O2021-2,PRIMER,2021-2,2021-09-01,2026-06-25
E199,75.77,3,0,O2021-2,PRIMER,2021-2,2021-09-01,2026-06-25
E2,81.0,0,0,O2018-1,PRIMER,2018-1,2018-03-01,2026-06-25
E20,63.23,5,1,O2018-1,PRIMER,2018-1,2018-03-01,2026-06-25
E200,82.46,1,0,O2021-2,PRIMER,2021-2,2021-09-01,2026-06-25
E201,72.95,10,0,O2022-1,PRIMER,2022-1,2022-03-01,2026-06-25
E202,73.0,16,1,O2022-1,PRIMER,2022-1,2022-03-01,2026-06-25
E203,75.83,0,0,O2022-1,PRIMER,2022-1,2022-03-01,2026-06-25
E204,62.23,5,1,O2022-1,PRIMER,2022-1,2022-03-01,2026-06-25
E205,83.58,0,0,O2022-1,PRIMER,2022-1,2022-03-01,2026-06-25
E206,70.7,12,1,O2022-1,PRIMER,2022-1,2022-03-01,2026-06-25
E207,71.95,9,0,O2022-1,PRIMER,2022-1,2022-03-01,2026-06-25
E208,74.9,10,0,O2022-1,PRIMER,2022-1,2022-03-01,2026-06-25
E209,76.2,7,0,O2022-1,PRIMER,2022-1,2022-03-01,2026-06-25
E21,79.63,1,0,O2018-1,PRIMER,2018-1,2018-03-01,2026-06-25
E210,78.92,5,0,O2022-1,PRIMER,2022-1,2022-03-01,2026-06-25
E211,82.62,0,0,O2022-1,PRIMER,2022-1,2022-03-01,2026-06-25
E212,70.17,3,0,O2022-1,PRIMER,2022-1,2022-03-01,2026-06-25
E213,73.98,8,0,O2022-1,PRIMER,2022-1,2022-03-01,2026-06-25
E214,64.38,5,1,O2022-1,PRIMER,2022-1,2022-03-01,2026-06-25
E215,66.07,4,1,O2022-1,PRIMER,2022-1,2022-03-01,2026-06-25
E216,64.69,4,1,O2022-1,PRIMER,2022-1,2022-03-01,2026-06-25
E217,70.23,4,1,O2022-1,PRIMER,2022-1,2022-03-01,2026-06-25
E218,75.18,10,0,O2022-1,PRIMER,2022-1,2022-03-01,2026-06-25
E219,61.0,6,1,O2022-1,PRIMER,2022-1,2022-03-01,2026-06-25
E22,61.54,5,1,O2018-1,PRIMER,2018-1,2018-03-01,2026-06-25
E220,65.38,3,1,O2022-1,PRIMER,2022-1,2022-03-01,2026-06-25
E221,62.23,5,1,O2022-1,PRIMER,2022-1,2022-03-01,2026-06-25
E222,79.88,0,0,O2022-1,PRIMER,2022-1,2022-03-01,2026-06-25
E223,83.13,0,0,O2022-1,PRIMER,2022-1,2022-03-01,2026-06-25
E224,63.43,5,1,O2022-1,PRIMER,2022-1,2022-03-01,2026-06-25
E225,71.26,4,1,O2022-1,PRIMER,2022-1,2022-03-01,2026-06-25
E226,79.44,0,0,O2022-2,PRIMER,2022-2,2022-09-01,2026-06-25
E227,65.23,4,1,O2022-2,PRIMER,2022-2,2022-09-01,2026-06-25
E228,72.91,14,0,O2022-2,PRIMER,2022-2,2022-09-01,2026-06-25
E229,76.13,5,0,O2022-2,PRIMER,2022-2,2022-09-01,2026-06-25
E23,79.71,1,0,O2018-1,PRIMER,2018-1,2018-03-01,2026-06-25
E230,80.37,3,0,O2022-2,PRIMER,2022-2,2022-09-01,2026-06-25
E231,82.54,0,0,O2022-2,PRIMER,2022-2,2022-09-01,2026-06-25
E232,83.76,0,0,O2022-2,PRIMER,2022-2,2022-09-01,2026-06-25
E233,80.7,2,0,O2022-2,PRIMER,2022-2,2022-09-01,2026-06-25
E234,58.23,5,1,O2022-2,PRIMER,2022-2,2022-09-01,2026-06-25
E235,78.15,1,0,O2022-2,PRIMER,2022-2,2022-09-01,2026-06-25
E236,65.21,6,1,O2022-2,PRIMER,2022-2,2022-09-01,2026-06-25
E237,68.61,12,1,O2022-2,PRIMER,2022-2,2022-09-01,2026-06-25
E238,68.68,6,1,O2022-2,PRIMER,2022-2,2022-09-01,2026-06-25
E239,65.64,4,1,O2022-2,PRIMER,2022-2,2022-09-01,2026-06-25
E24,76.28,2,0,O2018-1,PRIMER,2018-1,2018-03-01,2026-06-25
E240,79.15,2,0,O2022-2,PRIMER,2022-2,2022-09-01,2026-06-25
E241,81.44,2,0,O2022-2,PRIMER,2022-2,2022-09-01,2026-06-25
E242,69.23,3,1,O2022-2,PRIMER,2022-2,2022-09-01,2026-06-25
E243,74.11,3,1,O2022-2,PRIMER,2022-2,2022-09-01,2026-06-25
E244,81.56,0,0,O2022-2,PRIMER,2022-2,2022-09-01,2026-06-25
E245,79.19,3,0,O2022-2,PRIMER,2022-2,2022-09-01,2026-06-25
E246,68.83,2,0,O2022-2,PRIMER,2022-2,2022-09-01,2026-06-25
E247,72.93,10,0,O2022-2,PRIMER,2022-2,2022-09-01,2026-06-25
E248,71.6,3,1,O2022-2,PRIMER,2022-2,2022-09-01,2026-06-25
E249,73.96,9,0,O2022-2,PRIMER,2022-2,2022-09-01,2026-06-25
E25,86.5,0,0,O2018-1,PRIMER,2018-1,2018-03-01,2026-06-25
E250,65.62,4,1,O2022-2,PRIMER,2022-2,2022-09-01,2026-06-25
E251,78.25,2,0,O2023-1,PRIMER,2023-1,2023-03-01,2026-06-25
E252,82.25,1,0,O2023-1,PRIMER,2023-1,2023-03-01,2026-06-25
E253,74.75,8,0,O2023-1,PRIMER,2023-1,2023-03-01,2026-06-25
E254,80.17,2,0,O2023-1,PRIMER,2023-1,2023-03-01,2026-06-25
E255,84.5,0,0,O2023-1,PRIMER,2023-1,2023-03-01,2026-06-25
E256,66.36,2,1,O2023-1,PRIMER,2023-1,2023-03-01,2026-06-25
E257,79.06,4,0,O2023-1,PRIMER,2023-1,2023-03-01,2026-06-25
E258,63.08,4,1,O2023-1,PRIMER,2023-1,2023-03-01,2026-06-25
E259,70.71,5,1,O2023-1,PRIMER,2023-1,2023-03-01,2026-06-25
E26,58.62,6,1,O2018-2,PRIMER,2018-2,2018-09-01,2026-06-25
E260,75.83,7,0,O2023-1,PRIMER,2023-1,2023-03-01,2026-06-25
E261,61.23,6,1,O2023-1,PRIMER,2023-1,2023-03-01,2026-06-25
E262,71.24,6,1,O2023-1,PRIMER,2023-1,2023-03-01,2026-06-25
E263,62.85,6,1,O2023-1,PRIMER,2023-1,2023-03-01,2026-06-25
E264,85.67,0,0,O2023-1,PRIMER,2023-1,2023-03-01,2026-06-25
E265,68.61,11,1,O2023-1,PRIMER,2023-1,2023-03-01,2026-06-25
E266,65.08,5,1,O2023-1,PRIMER,2023-1,2023-03-01,2026-06-25
E267,70.24,5,1,O2023-1,PRIMER,2023-1,2023-03-01,2026-06-25
E268,70.86,11,0,O2023-1,PRIMER,2023-1,2023-03-01,2026-06-25
E269,76.5,4,0,O2023-1,PRIMER,2023-1,2023-03-01,2026-06-25
E27,62.38,5,1,O2018-2,PRIMER,2018-2,2018-09-01,2026-06-25
E270,79.17,0,0,O2023-1,PRIMER,2023-1,2023-03-01,2026-06-25
E271,82.33,0,0,O2023-1,PRIMER,2023-1,2023-03-01,2026-06-25
E272,84.17,1,0,O2023-1,PRIMER,2023-1,2023-03-01,2026-06-25
E273,77.17,0,0,O2023-1,PRIMER,2023-1,2023-03-01,2026-06-25
E274,71.28,6,1,O2023-1,PRIMER,2023-1,2023-03-01,2026-06-25
E275,77.98,3,0,O2023-1,PRIMER,2023-1,2023-03-01,2026-06-25
E276,71.06,6,0,O2023-2,PRIMER,2023-2,2023-09-01,2026-06-25
E277,67.08,4,1,O2023-2,PRIMER,2023-2,2023-09-01,2026-06-25
E278,74.33,0,0,O2023-2,PRIMER,2023-2,2023-09-01,2026-06-25
E279,82.29,0,0,O2023-2,PRIMER,2023-2,2023-09-01,2026-06-25
E28,71.69,3,1,O2018-2,PRIMER,2018-2,2018-09-01,2026-06-25
E280,74.42,1,0,O2023-2,PRIMER,2023-2,2023-09-01,2026-06-25
E281,72.81,5,0,O2023-2,PRIMER,2023-2,2023-09-01,2026-06-25
E282,75.55,5,0,O2023-2,PRIMER,2023-2,2023-09-01,2026-06-25
E283,74.95,6,0,O2023-2,PRIMER,2023-2,2023-09-01,2026-06-25
E284,67.08,3,1,O2023-2,PRIMER,2023-2,2023-09-01,2026-06-25
E285,67.74,6,1,O2023-2,PRIMER,2023-2,2023-09-01,2026-06-25
E286,65.0,5,1,O2023-2,PRIMER,2023-2,2023-09-01,2026-06-25
E287,81.0,2,0,O2023-2,PRIMER,2023-2,2023-09-01,2026-06-25
E288,85.08,0,0,O2023-2,PRIMER,2023-2,2023-09-01,2026-06-25
E289,82.6,0,0,O2023-2,PRIMER,2023-2,2023-09-01,2026-06-25
E29,86.83,0,0,O2018-2,PRIMER,2018-2,2018-09-01,2026-06-25
E290,64.0,5,1,O2023-2,PRIMER,2023-2,2023-09-01,2026-06-25
E291,65.57,4,1,O2023-2,PRIMER,2023-2,2023-09-01,2026-06-25
E292,84.36,0,0,O2023-2,PRIMER,2023-2,2023-09-01,2026-06-25
E293,63.15,5,1,O2023-2,PRIMER,2023-2,2023-09-01,2026-06-25
E294,79.04,0,0,O2023-2,PRIMER,2023-2,2023-09-01,2026-06-25
E295,68.38,2,1,O2023-2,PRIMER,2023-2,2023-09-01,2026-06-25
E296,84.71,0,0,O2023-2,PRIMER,2023-2,2023-09-01,2026-06-25
E297,84.81,0,0,O2023-2,PRIMER,2023-2,2023-09-01,2026-06-25
E298,68.23,3,1,O2023-2,PRIMER,2023-2,2023-09-01,2026-06-25
E299,72.67,1,0,O2023-2,PRIMER,2023-2,2023-09-01,2026-06-25
E3,68.85,3,1,O2018-1,PRIMER,2018-1,2018-03-01,2026-06-25
E30,84.52,1,0,O2018-2,PRIMER,2018-2,2018-09-01,2026-06-25
E300,79.5,1,0,O2023-2,PRIMER,2023-2,2023-09-01,2026-06-25
E301,71.67,8,0,O2024-1,PRIMER,2024-1,2024-03-01,2026-06-25
E302,66.61,9,1,O2024-1,PRIMER,2024-1,2024-03-01,2026-06-25
E303,72.78,4,0,O2024-1,PRIMER,2024-1,2024-03-01,2026-06-25
E304,65.08,4,1,O2024-1,PRIMER,2024-1,2024-03-01,2026-06-25
E305,61.08,5,1,O2024-1,PRIMER,2024-1,2024-03-01,2026-06-25
E306,70.4,6,1,O2024-1,PRIMER,2024-1,2024-03-01,2026-06-25
E307,60.38,6,1,O2024-1,PRIMER,2024-1,2024-03-01,2026-06-25
E308,79.53,1,0,O2024-1,PRIMER,2024-1,2024-03-01,2026-06-25
E309,73.58,2,0,O2024-1,PRIMER,2024-1,2024-03-01,2026-06-25
E31,66.69,4,1,O2018-2,PRIMER,2018-2,2018-09-01,2026-06-25
E310,69.15,3,1,O2024-1,PRIMER,2024-1,2024-03-01,2026-06-25
E311,60.77,6,1,O2024-1,PRIMER,2024-1,2024-03-01,2026-06-25
E312,63.64,6,1,O2024-1,PRIMER,2024-1,2024-03-01,2026-06-25
E313,63.53,6,1,O2024-1,PRIMER,2024-1,2024-03-01,2026-06-25
E314,63.86,6,1,O2024-1,PRIMER,2024-1,2024-03-01,2026-06-25
E315,67.0,3,1,O2024-1,PRIMER,2024-1,2024-03-01,2026-06-25
E316,72.36,11,0,O2024-1,PRIMER,2024-1,2024-03-01,2026-06-25
E317,77.89,3,0,O2024-1,PRIMER,2024-1,2024-03-01,2026-06-25
E318,63.85,5,1,O2024-1,PRIMER,2024-1,2024-03-01,2026-06-25
E319,74.69,5,0,O2024-1,PRIMER,2024-1,2024-03-01,2026-06-25
E32,75.7,9,0,O2018-2,PRIMER,2018-2,2018-09-01,2026-06-25
E320,74.25,5,0,O2024-1,PRIMER,2024-1,2024-03-01,2026-06-25
E321,63.08,5,1,O2024-1,PRIMER,2024-1,2024-03-01,2026-06-25
E322,82.53,0,0,O2024-1,PRIMER,2024-1,2024-03-01,2026-06-25
E323,75.78,4,0,O2024-1,PRIMER,2024-1,2024-03-01,2026-06-25
E324,75.22,5,0,O2024-1,PRIMER,2024-1,2024-03-01,2026-06-25
E325,72.22,8,0,O2024-1,PRIMER,2024-1,2024-03-01,2026-06-25
E326,76.73,3,0,O2024-2,PRIMER,2024-2,2024-09-01,2026-06-25
E327,59.54,6,1,O2024-2,PRIMER,2024-2,2024-09-01,2026-06-25
E328,78.43,2,0,O2024-2,PRIMER,2024-2,2024-09-01,2026-06-25
E329,73.16,5,1,O2024-2,PRIMER,2024-2,2024-09-01,2026-06-25
E33,66.31,6,1,O2018-2,PRIMER,2018-2,2018-09-01,2026-06-25
E330,64.38,4,1,O2024-2,PRIMER,2024-2,2024-09-01,2026-06-25
E331,83.0,0,0,O2024-2,PRIMER,2024-2,2024-09-01,2026-06-25
E332,63.54,4,1,O2024-2,PRIMER,2024-2,2024-09-01,2026-06-25
E333,79.23,0,0,O2024-2,PRIMER,2024-2,2024-09-01,2026-06-25
E334,74.56,5,1,O2024-2,PRIMER,2024-2,2024-09-01,2026-06-25
E335,66.77,5,1,O2024-2,PRIMER,2024-2,2024-09-01,2026-06-25
E336,82.87,2,0,O2024-2,PRIMER,2024-2,2024-09-01,2026-06-25
E337,69.11,5,1,O2024-2,PRIMER,2024-2,2024-09-01,2026-06-25
E338,81.13,0,0,O2024-2,PRIMER,2024-2,2024-09-01,2026-06-25
E339,74.63,3,0,O2024-2,PRIMER,2024-2,2024-09-01,2026-06-25
E34,76.94,7,0,O2018-2,PRIMER,2018-2,2018-09-01,2026-06-25
E340,83.27,1,0,O2024-2,PRIMER,2024-2,2024-09-01,2026-06-25
E341,75.97,4,0,O2024-2,PRIMER,2024-2,2024-09-01,2026-06-25
E342,72.8,5,0,O2024-2,PRIMER,2024-2,2024-09-01,2026-06-25
E343,81.43,0,0,O2024-2,PRIMER,2024-2,2024-09-01,2026-06-25
E344,72.2,6,0,O2024-2,PRIMER,2024-2,2024-09-01,2026-06-25
E345,68.46,4,1,O2024-2,PRIMER,2024-2,2024-09-01,2026-06-25
E346,82.27,0,0,O2024-2,PRIMER,2024-2,2024-09-01,2026-06-25
E347,73.97,6,0,O2024-2,PRIMER,2024-2,2024-09-01,2026-06-25
E348,73.8,5,0,O2024-2,PRIMER,2024-2,2024-09-01,2026-06-25
E349,78.1,2,0,O2024-2,PRIMER,2024-2,2024-09-01,2026-06-25
E35,68.62,4,1,O2018-2,PRIMER,2018-2,2018-09-01,2026-06-25
E350,82.87,0,0,O2024-2,PRIMER,2024-2,2024-09-01,2026-06-25
E351,63.23,4,1,O2025-1,PRIMER,2025-1,2025-03-01,2026-06-25
E352,81.04,0,0,O2025-1,PRIMER,2025-1,2025-03-01,2026-06-25
E353,62.71,6,1,O2025-1,PRIMER,2025-1,2025-03-01,2026-06-25
E354,69.54,4,1,O2025-1,PRIMER,2025-1,2025-03-01,2026-06-25
E355,79.25,0,0,O2025-1,PRIMER,2025-1,2025-03-01,2026-06-25
E356,69.83,9,0,O2025-1,PRIMER,2025-1,2025-03-01,2026-06-25
E357,72.88,5,0,O2025-1,PRIMER,2025-1,2025-03-01,2026-06-25
E358,69.38,2,1,O2025-1,PRIMER,2025-1,2025-03-01,2026-06-25
E359,63.92,4,1,O2025-1,PRIMER,2025-1,2025-03-01,2026-06-25
E36,64.14,5,1,O2018-2,PRIMER,2018-2,2018-09-01,2026-06-25
E360,75.17,3,0,O2025-1,PRIMER,2025-1,2025-03-01,2026-06-25
E361,81.83,0,0,O2025-1,PRIMER,2025-1,2025-03-01,2026-06-25
E362,72.54,3,0,O2025-1,PRIMER,2025-1,2025-03-01,2026-06-25
E363,65.62,4,1,O2025-1,PRIMER,2025-1,2025-03-01,2026-06-25
E364,65.77,5,1,O2025-1,PRIMER,2025-1,2025-03-01,2026-06-25
E365,70.21,2,1,O2025-1,PRIMER,2025-1,2025-03-01,2026-06-25
E366,68.69,4,1,O2025-1,PRIMER,2025-1,2025-03-01,2026-06-25
E367,69.0,3,1,O2025-1,PRIMER,2025-1,2025-03-01,2026-06-25
E368,75.08,1,0,O2025-1,PRIMER,2025-1,2025-03-01,2026-06-25
E369,80.12,0,0,O2025-1,PRIMER,2025-1,2025-03-01,2026-06-25
E37,74.42,16,0,O2018-2,PRIMER,2018-2,2018-09-01,2026-06-25
E370,78.33,2,0,O2025-1,PRIMER,2025-1,2025-03-01,2026-06-25
E371,66.15,5,1,O2025-1,PRIMER,2025-1,2025-03-01,2026-06-25
E372,61.0,5,1,O2025-1,PRIMER,2025-1,2025-03-01,2026-06-25
E373,77.58,1,0,O2025-1,PRIMER,2025-1,2025-03-01,2026-06-25
E374,81.46,1,0,O2025-1,PRIMER,2025-1,2025-03-01,2026-06-25
E375,80.54,1,0,O2025-1,PRIMER,2025-1,2025-03-01,2026-06-25
E376,73.17,2,0,O2025-2,PRIMER,2025-2,2025-09-01,2026-06-25
E377,80.33,0,0,O2025-2,PRIMER,2025-2,2025-09-01,2026-06-25
E378,78.0,2,0,O2025-2,PRIMER,2025-2,2025-09-01,2026-06-25
E379,79.22,0,0,O2025-2,PRIMER,2025-2,2025-09-01,2026-06-25
E38,78.88,0,0,O2018-2,PRIMER,2018-2,2018-09-01,2026-06-25
E380,73.61,1,0,O2025-2,PRIMER,2025-2,2025-09-01,2026-06-25
E381,80.83,1,0,O2025-2,PRIMER,2025-2,2025-09-01,2026-06-25
E382,65.85,3,1,O2025-2,PRIMER,2025-2,2025-09-01,2026-06-25
E383,67.15,5,1,O2025-2,PRIMER,2025-2,2025-09-01,2026-06-25
E384,65.46,2,1,O2025-2,PRIMER,2025-2,2025-09-01,2026-06-25
E385,81.61,0,0,O2025-2,PRIMER,2025-2,2025-09-01,2026-06-25
E386,75.11,2,0,O2025-2,PRIMER,2025-2,2025-09-01,2026-06-25
E387,60.69,6,1,O2025-2,PRIMER,2025-2,2025-09-01,2026-06-25
E388,67.31,3,1,O2025-2,PRIMER,2025-2,2025-09-01,2026-06-25
E389,70.61,4,0,O2025-2,PRIMER,2025-2,2025-09-01,2026-06-25
E39,62.31,4,1,O2018-2,PRIMER,2018-2,2018-09-01,2026-06-25
E390,75.44,3,0,O2025-2,PRIMER,2025-2,2025-09-01,2026-06-25
E391,79.5,1,0,O2025-2,PRIMER,2025-2,2025-09-01,2026-06-25
E392,63.0,6,1,O2025-2,PRIMER,2025-2,2025-09-01,2026-06-25
E393,63.38,5,1,O2025-2,PRIMER,2025-2,2025-09-01,2026-06-25
E394,73.0,3,0,O2025-2,PRIMER,2025-2,2025-09-01,2026-06-25
E395,66.92,4,1,O2025-2,PRIMER,2025-2,2025-09-01,2026-06-25
E396,83.89,1,0,O2025-2,PRIMER,2025-2,2025-09-01,2026-06-25
E397,81.61,0,0,O2025-2,PRIMER,2025-2,2025-09-01,2026-06-25
E398,82.0,0,0,O2025-2,PRIMER,2025-2,2025-09-01,2026-06-25
E399,82.61,0,0,O2025-2,PRIMER,2025-2,2025-09-01,2026-06-25
E4,62.69,6,1,O2018-1,PRIMER,2018-1,2018-03-01,2026-06-25
E40,64.08,4,1,O2018-2,PRIMER,2018-2,2018-09-01,2026-06-25
E400,66.08,3,1,O2025-2,PRIMER,2025-2,2025-09-01,2026-06-25
E41,70.92,6,1,O2018-2,PRIMER,2018-2,2018-09-01,2026-06-25
E42,71.16,6,1,O2018-2,PRIMER,2018-2,2018-09-01,2026-06-25
E43,62.31,5,1,O2018-2,PRIMER,2018-2,2018-09-01,2026-06-25
E44,66.15,4,1,O2018-2,PRIMER,2018-2,2018-09-01,2026-06-25
E45,73.74,1,1,O2018-2,PRIMER,2018-2,2018-09-01,2026-06-25
E46,68.77,3,1,O2018-2,PRIMER,2018-2,2018-09-01,2026-06-25
E47,77.08,2,0,O2018-2,PRIMER,2018-2,2018-09-01,2026-06-25
E48,61.31,5,1,O2018-2,PRIMER,2018-2,2018-09-01,2026-06-25
E49,74.3,9,0,O2018-2,PRIMER,2018-2,2018-09-01,2026-06-25
E5,63.38,5,1,O2018-1,PRIMER,2018-1,2018-03-01,2026-06-25
E50,73.59,12,0,O2018-2,PRIMER,2018-2,2018-09-01,2026-06-25
E51,81.62,0,0,O2019-1,PRIMER,2019-1,2019-03-01,2026-06-25
E52,79.51,4,0,O2019-1,PRIMER,2019-1,2019-03-01,2026-06-25
E53,66.38,5,1,O2019-1,PRIMER,2019-1,2019-03-01,2026-06-25
E54,61.0,5,1,O2019-1,PRIMER,2019-1,2019-03-01,2026-06-25
E55,69.69,4,1,O2019-1,PRIMER,2019-1,2019-03-01,2026-06-25
E56,77.66,6,0,O2019-1,PRIMER,2019-1,2019-03-01,2026-06-25
E57,73.81,5,1,O2019-1,PRIMER,2019-1,2019-03-01,2026-06-25
E58,68.67,9,1,O2019-1,PRIMER,2019-1,2019-03-01,2026-06-25
E59,73.47,13,0,O2019-1,PRIMER,2019-1,2019-03-01,2026-06-25
E6,75.18,14,0,O2018-1,PRIMER,2018-1,2018-03-01,2026-06-25
E60,70.09,9,1,O2019-1,PRIMER,2019-1,2019-03-01,2026-06-25
E61,78.76,4,0,O2019-1,PRIMER,2019-1,2019-03-01,2026-06-25
E62,63.38,5,1,O2019-1,PRIMER,2019-1,2019-03-01,2026-06-25
E63,64.77,2,1,O2019-1,PRIMER,2019-1,2019-03-01,2026-06-25
E64,81.18,1,0,O2019-1,PRIMER,2019-1,2019-03-01,2026-06-25
E65,80.87,0,0,O2019-1,PRIMER,2019-1,2019-03-01,2026-06-25
E66,62.0,5,1,O2019-1,PRIMER,2019-1,2019-03-01,2026-06-25
E67,79.13,0,0,O2019-1,PRIMER,2019-1,2019-03-01,2026-06-25
E68,63.69,4,1,O2019-1,PRIMER,2019-1,2019-03-01,2026-06-25
E69,78.82,2,0,O2019-1,PRIMER,2019-1,2019-03-01,2026-06-25
E7,74.56,9,1,O2018-1,PRIMER,2018-1,2018-03-01,2026-06-25
E70,63.38,6,1,O2019-1,PRIMER,2019-1,2019-03-01,2026-06-25
E71,74.87,11,1,O2019-1,PRIMER,2019-1,2019-03-01,2026-06-25
E72,67.54,4,1,O2019-1,PRIMER,2019-1,2019-03-01,2026-06-25
E73,76.2,9,0,O2019-1,PRIMER,2019-1,2019-03-01,2026-06-25
E74,72.41,10,1,O2019-1,PRIMER,2019-1,2019-03-01,2026-06-25
E75,68.54,8,1,O2019-1,PRIMER,2019-1,2019-03-01,2026-06-25
E76,61.64,6,1,O2019-2,PRIMER,2019-2,2019-09-01,2026-06-25
E77,74.64,9,0,O2019-2,PRIMER,2019-2,2019-09-01,2026-06-25
E78,79.88,3,0,O2019-2,PRIMER,2019-2,2019-09-01,2026-06-25
E79,84.0,0,0,O2019-2,PRIMER,2019-2,2019-09-01,2026-06-25
E8,80.31,4,0,O2018-1,PRIMER,2018-1,2018-03-01,2026-06-25
E80,78.61,4,0,O2019-2,PRIMER,2019-2,2019-09-01,2026-06-25
E81,80.33,2,0,O2019-2,PRIMER,2019-2,2019-09-01,2026-06-25
E82,82.36,1,0,O2019-2,PRIMER,2019-2,2019-09-01,2026-06-25
E83,59.69,5,1,O2019-2,PRIMER,2019-2,2019-09-01,2026-06-25
E84,67.13,3,1,O2019-2,PRIMER,2019-2,2019-09-01,2026-06-25
E85,75.16,9,0,O2019-2,PRIMER,2019-2,2019-09-01,2026-06-25
E86,70.42,2,1,O2019-2,PRIMER,2019-2,2019-09-01,2026-06-25
E87,67.67,4,1,O2019-2,PRIMER,2019-2,2019-09-01,2026-06-25
E88,74.06,11,0,O2019-2,PRIMER,2019-2,2019-09-01,2026-06-25
E89,63.85,6,1,O2019-2,PRIMER,2019-2,2019-09-01,2026-06-25
E9,65.54,5,1,O2018-1,PRIMER,2018-1,2018-03-01,2026-06-25
E90,78.81,3,0,O2019-2,PRIMER,2019-2,2019-09-01,2026-06-25
E91,68.31,5,1,O2019-2,PRIMER,2019-2,2019-09-01,2026-06-25
E92,83.56,2,0,O2019-2,PRIMER,2019-2,2019-09-01,2026-06-25
E93,71.0,5,1,O2019-2,PRIMER,2019-2,2019-09-01,2026-06-25
E94,66.77,4,1,O2019-2,PRIMER,2019-2,2019-09-01,2026-06-25
E95,64.31,6,1,O2019-2,PRIMER,2019-2,2019-09-01,2026-06-25
E96,58.46,6,1,O2019-2,PRIMER,2019-2,2019-09-01,2026-06-25
E97,62.62,6,1,O2019-2,PRIMER,2019-2,2019-09-01,2026-06-25
E98,75.63,6,1,O2019-2,PRIMER,2019-2,2019-09-01,2026-06-25
E99,75.67,3,0,O2019-2,PRIMER,2019-2,2019-09-01,2026-06-25
