Malla;Asignatura_id;Nivel;Asignatura;RA;Peso_RA_en_asignatura;Fecha_elaboracion;Fecha_carga
INGIND1719;ALGL1;PRIMER;ALGEBRA LINEAL (A19);RA1;1.0;2017-01-01;2026-02-21
INGIND1719;CALV1;PRIMER;CALCULO DE UNA VARIABLE (A19);RA1;1.0;2017-01-01;2026-02-21
INGIND1719;COMLV;PRIMER;COMUNICACIÓN Y LENGUAJE (VIRTUAL) (A19);RA5;1.0;2017-01-01;2026-02-21
INGIND1719;DIBT1;PRIMER;DIBUJO TECNICO (A19);RA2;1.0;2017-01-01;2026-02-21
INGIND1719;INTII;PRIMER;INTRODUCCION A LA INGENIERIA INDUSTRIAL (A19);RA6;1.0;2017-01-01;2026-02-21
INGIND1719;QUIG1;PRIMER;QUIMICA GENERAL I (A19);RA9;1.0;2017-01-01;2026-02-21
INGIND1719;CALV2;SEGUNDO;CALCULO DE VARIAS VARIABLES (A19);RA1;1.0;2017-01-01;2026-02-21
INGIND1719;DICAD;SEGUNDO;DIBUJO CAD (A19);RA2;1.0;2017-01-01;2026-02-21
INGIND1719;EMTR1;SEGUNDO;ESTUDIO Y MEDICION DEL TRABAJO I (A19);RA9;1.0;2017-01-01;2026-02-21
INGIND1719;FISI1;SEGUNDO;FISICA I (A19);RA1;1.0;2017-01-01;2026-02-21
INGIND1719;IINVC;SEGUNDO;INTRODUCCION A LA INVESTIGACION CIENTIFICA (A19);RA9;1.0;2017-01-01;2026-02-21
INGIND1719;QUIG2;SEGUNDO;QUIMICA GENERAL II (A19);RA9;1.0;2017-01-01;2026-02-21
INGIND1719;CALNU;TERCERO;CALCULO NUMERICO (A19);RA1;1.0;2017-01-01;2026-02-21
INGIND1719;EDIFE;TERCERO;ECUACIONES DIFERENCIALES (A19);RA1;1.0;2017-01-01;2026-02-21
INGIND1719;EMTR2;TERCERO;ESTUDIO Y MEDICION DEL TRABAJO II (A19);RA9;1.0;2017-01-01;2026-02-21
INGIND1719;FISI2;TERCERO;FISICA II (A19);RA1;1.0;2017-01-01;2026-02-21
INGIND1719;PROGR;TERCERO;PROGRAMACION (A19);RA12;1.0;2017-01-01;2026-02-21
INGIND1719;TEMAT;TERCERO;TECNOLOGIA DE LOS MATERIALES (A19);RA4;1.0;2017-01-01;2026-02-21
INGIND1719;EDVAL;CUARTO;EDUCACION EN VALORES Y DERECHOS CIUDADANOS (A19);RA6;1.0;2017-01-01;2026-02-21
INGIND1719;INMET;CUARTO;INGENIERIA DE METODOS (A19);RA9;1.0;2017-01-01;2026-02-21
INGIND1719;MECFL;CUARTO;MECANICA DE LOS FLUIDOS (A19);RA9;1.0;2017-01-01;2026-02-21
INGIND1719;RESEC;CUARTO;REALIDAD SOCIOECONOMICA CULTURAL Y ECOLOGICA DEL ECUADOR (VIRTUAL) (A19);RA7;1.0;2017-01-01;2026-02-21
INGIND1719;REMAT;CUARTO;RESISTENCIA EN LOS MATERIALES DE PRODUCCION (A19);RA2;1.0;2017-01-01;2026-02-21
INGIND1719;TERMO;CUARTO;TERMODINAMICA (A19);RA9;1.0;2017-01-01;2026-02-21
INGIND1719;ERGON;QUINTO;ERGONOMIA (A19);RA9;1.0;2017-01-01;2026-02-21
INGIND1719;INDMM;QUINTO;INDUSTRIA METAL MECANICA (A19);RA9;1.0;2017-01-01;2026-02-21
INGIND1719;INMER;QUINTO;INVESTIGACION DE MERCADO (A19);RA7;1.0;2017-01-01;2026-02-21
INGIND1719;INVOP;QUINTO;INVESTIGACION OPERATIVA (A19);RA7;1.0;2017-01-01;2026-02-21
INGIND1719;MATFI;QUINTO;MATEMATICA FINANCIERA (A19);RA1;1.0;2017-01-01;2026-02-21
INGIND1719;PREST;QUINTO;PROBABILIDAD Y ESTADISTICA (A19);RA1;1.0;2017-01-01;2026-02-21
INGIND1719;COPRO;SEXTO;COSTOS DE PRODUCCION (A19);RA1;1.0;2017-01-01;2026-02-21
INGIND1719;GECAL;SEXTO;GESTION DE LA CALIDAD (A19);RA3;1.0;2017-01-01;2026-02-21
INGIND1719;LOGCS;SEXTO;LOGISTICA Y CADENA DE SUMINISTROS (A19);RA12;1.0;2017-01-01;2026-02-21
INGIND1719;OPUNI;SEXTO;OPERACIONES UNITARIAS (A19);RA9;1.0;2017-01-01;2026-02-21
INGIND1719;PPP01;SEXTO;PRACTICAS PRE PROFESIONALES I;RA9;1.0;2017-01-01;2026-02-21
INGIND1719;SHIN1;SEXTO;SEGURIDAD E HIGIENE INDUSTRIAL I (A19);RA7;1.0;2017-01-01;2026-02-21
INGIND1719;VINC1;SEXTO;VINCULACION I;RA7;1.0;2017-01-01;2026-02-21
INGIND1719;AUTOM;SEPTIMO;AUTOMATIZACION (A19);RA1;1.0;2017-01-01;2026-02-21
INGIND1719;GESAM;SEPTIMO;GESTION AMBIENTAL (A19);RA6;1.0;2017-01-01;2026-02-21
INGIND1719;GEMAN;SEPTIMO;GESTION DEL MANTENIMIENTO (A19);RA6;1.0;2017-01-01;2026-02-21
INGIND1719;PPP02;SEPTIMO;PRACTICAS PRE PROFESIONALES II;RA9;1.0;2017-01-01;2026-02-21
INGIND1719;PRIN1;SEPTIMO;PROCESOS INDUSTRIALES I (A19);RA12;1.0;2017-01-01;2026-02-21
INGIND1719;SHIN2;SEPTIMO;SEGURIDAD E HIGIENE INDUSTRIAL II (A19);RA7;1.0;2017-01-01;2026-02-21
INGIND1719;VINC2;SEPTIMO;VINCULACION II;RA9;1.0;2017-01-01;2026-02-21
INGIND1719;FEPRO;OCTAVO;FORMULACION Y EVALUACION DE PROYECTOS (A19);RA10;1.0;2017-01-01;2026-02-21
INGIND1719;INPR1;OCTAVO;INGENIERIA DE LA PRODUCCION I (A19);RA12;1.0;2017-01-01;2026-02-21
INGIND1719;PPP03;OCTAVO;PRACTICAS PRE PROFESIONALES III;RA9;1.0;2017-01-01;2026-02-21
INGIND1719;PRIN2;OCTAVO;PROCESOS INDUSTRIALES II (A19);RA12;1.0;2017-01-01;2026-02-21
INGIND1719;SETIT;OCTAVO;SEMINARIO DE TITULACION (A19);RA10;1.0;2017-01-01;2026-02-21
INGIND1719;SIMOP;OCTAVO;SIMULACION Y OPTIMIZACION DE SISTEMAS DE MANUFACTURA (A19);RA11;1.0;2017-01-01;2026-02-21
INGIND1719;DETIT;NOVENO;DESARROLLO DEL TRABAJO DE TITULACION (A19);RA10;1.0;2017-01-01;2026-02-21
INGIND1719;DIPLA;NOVENO;DISEÑO DE PLANTAS (A19);RA2;1.0;2017-01-01;2026-02-21
INGIND1719;GEEMP;NOVENO;GERENCIA EMPRESARIAL (A19);RA3;1.0;2017-01-01;2026-02-21
INGIND1719;INPR2;NOVENO;INGENIERIA DE LA PRODUCCION II (A19);RA12;1.0;2017-01-01;2026-02-21
INGIND1719;RELIN;NOVENO;RELACIONES INDUSTRIALES (A19);RA7;1.0;2017-01-01;2026-02-21
