ID_carrera;Carrera;Rediseño;Fecha_elaboracion;Fecha_carga;N_RA;Descripción
103;INGENIERIA INDUSTRIAL;2019;2017-01-01;2026-02-21;RA1;Identifica problemas de ingeniería reconoce sus especificaciones establece diferentes métodos de resolución y seleccionar el más adecuado para su solución teniendo en cuenta los aspectos éticos legales de seguridad y responsabilidad profesional así como también las limitaciones sociales de salud humana medio ambiente y comerciales aplicables en cada caso.
103;INGENIERIA INDUSTRIAL;2019;2017-01-01;2026-02-21;RA2;Identifica elementos necesarios para la práctica de la ingeniería en la sociedad actual.
103;INGENIERIA INDUSTRIAL;2019;2017-01-01;2026-02-21;RA3;Conoce estrategias que le permite trabajar de forma efectiva tanto individualmente como en equipo mostrando habilidades de comunicación y coordinación de equipos.
103;INGENIERIA INDUSTRIAL;2019;2017-01-01;2026-02-21;RA4;Demuestra conciencia sobre la responsabilidad de la práctica de la ingeniería el impacto social y medioambiental y compromiso con la ética profesional.
103;INGENIERIA INDUSTRIAL;2019;2017-01-01;2026-02-21;RA5;Utiliza distintos métodos para comunicarse de forma efectiva con la comunidad de ingenieros y con la sociedad en general.
103;INGENIERIA INDUSTRIAL;2019;2017-01-01;2026-02-21;RA6;Demuestra conciencia sobre la responsabilidad de la práctica de la ingeniería el impacto social y ambiental y compromiso con la ética profesional responsabilidad y normas de la práctica de la ingeniería.
103;INGENIERIA INDUSTRIAL;2019;2017-01-01;2026-02-21;RA7;Demuestra conciencia de las prácticas empresariales y de gestión de proyectos así como la gestión y el control de riesgos y entender sus limitaciones.
103;INGENIERIA INDUSTRIAL;2019;2017-01-01;2026-02-21;RA8;Reconoce la necesidad y tener la capacidad para desarrollar voluntariamente el aprendizaje continuo.
103;INGENIERIA INDUSTRIAL;2019;2017-01-01;2026-02-21;RA9;Conoce y usa métodos apropiados para realizar investigación y lleva a cabo aportaciones innovadoras en el ámbito de la ingeniería en tecnologías de la información y comunicación.
103;INGENIERIA INDUSTRIAL;2019;2017-01-01;2026-02-21;RA10;Realiza búsquedas de bibliografía y utiliza bases de datos y otras fuentes de información para el aprendizaje y mejoramiento continuo diseña y realiza experimentos innovadores vinculados a proyectos operativos del campo de la ingeniaría industrial.
103;INGENIERIA INDUSTRIAL;2019;2017-01-01;2026-02-21;RA11;Analiza el impacto local y global de la ingeniería industrial sobre individuos organizaciones y la sociedad.
103;INGENIERIA INDUSTRIAL;2019;2017-01-01;2026-02-21;RA12;Identifica y analiza las necesidades de usuarios para la selección creación evaluación y administración de sistemas diseñados construidos y en proceso de utilización utilizando herramientas tecnológicas
