Periodo,Fecha_recoleccion,Fecha_carga,ID_EST,desempeño,repitencia,deserción
2026-1,2026-06-15,2026-06-15,E2019RGP4160,0.753,3,0
2026-1,2026-06-15,2026-06-15,E2019THQ2210,0.752,3,0
2026-1,2026-06-15,2026-06-15,E2019KCY7676,0.749,3,0
2026-1,2026-06-15,2026-06-15,E2019RUP7956,0.733,3,1
2026-1,2026-06-15,2026-06-15,E2019MXA1768,0.751,3,0
2026-1,2026-06-15,2026-06-15,E2019POD1811,0.755,3,0
2026-1,2026-06-15,2026-06-15,E2019CFG9667,0.753,3,0
2026-1,2026-06-15,2026-06-15,E2019FIV2507,0.759,3,0
2026-1,2026-06-15,2026-06-15,E2019PPG2525,0.758,3,0
2026-1,2026-06-15,2026-06-15,E2019UNW6703,0.748,3,0
2026-1,2026-06-15,2026-06-15,E2019CHO2546,0.752,3,0
2026-1,2026-06-15,2026-06-15,E2019RYO8290,0.753,3,0
2026-1,2026-06-15,2026-06-15,E2019PKI2442,0.748,3,0
2026-1,2026-06-15,2026-06-15,E2019WOD9104,0.749,3,0
2026-1,2026-06-15,2026-06-15,E2019NRS5184,0.745,3,0
2026-1,2026-06-15,2026-06-15,E2019HQR9042,0.75,3,0
2026-1,2026-06-15,2026-06-15,E2019PCA3099,0.748,3,0
2026-1,2026-06-15,2026-06-15,E2019WHU3805,0.755,3,0
2026-1,2026-06-15,2026-06-15,E2019WTI7216,0.765,3,1
2026-1,2026-06-15,2026-06-15,E2019XEC3218,0.748,3,0
2026-1,2026-06-15,2026-06-15,E2019PXT4059,0.75,3,0
2026-1,2026-06-15,2026-06-15,E2019JJJ4915,0.746,3,0
2026-1,2026-06-15,2026-06-15,E2019XLJ9806,0.757,3,0
2026-1,2026-06-15,2026-06-15,E2019XBI1587,0.743,3,0
2026-1,2026-06-15,2026-06-15,E2019DXW4824,0.749,3,0
2026-1,2026-06-15,2026-06-15,E2019PRO1104,0.745,3,0
2026-1,2026-06-15,2026-06-15,E2019RRD9919,0.754,3,0
2026-1,2026-06-15,2026-06-15,E2019XHI0340,0.752,3,0
2026-1,2026-06-15,2026-06-15,E2019XWX6841,0.742,3,0
2026-1,2026-06-15,2026-06-15,E2019YON6306,0.754,3,0
2026-1,2026-06-15,2026-06-15,E2019OKM0061,0.748,3,0
2026-1,2026-06-15,2026-06-15,E2019EZV1191,0.746,3,0
2026-1,2026-06-15,2026-06-15,E2019XNO2063,0.753,3,0
2026-1,2026-06-15,2026-06-15,E2019DGT4077,0.748,3,0
2026-1,2026-06-15,2026-06-15,E2019BJR3003,0.75,3,0
2026-1,2026-06-15,2026-06-15,E2020BML6772,0.754,3,0
2026-1,2026-06-15,2026-06-15,E2020BTW1281,0.756,3,0
2026-1,2026-06-15,2026-06-15,E2020TQC8965,0.749,3,0
2026-1,2026-06-15,2026-06-15,E2020PCI0688,0.756,3,0
2026-1,2026-06-15,2026-06-15,E2020IJR7991,0.744,3,0
2026-1,2026-06-15,2026-06-15,E2020LNJ0384,0.757,3,0
2026-1,2026-06-15,2026-06-15,E2020XBV5273,0.751,3,0
2026-1,2026-06-15,2026-06-15,E2020HQM1054,0.747,3,0
2026-1,2026-06-15,2026-06-15,E2020TZG2180,0.743,3,0
2026-1,2026-06-15,2026-06-15,E2020MKG3770,0.747,3,0
2026-1,2026-06-15,2026-06-15,E2020TKA3824,0.747,3,0
2026-1,2026-06-15,2026-06-15,E2020WAY8699,0.75,3,0
2026-1,2026-06-15,2026-06-15,E2020VDL1673,0.749,3,0
2026-1,2026-06-15,2026-06-15,E2020CQW1209,0.751,3,0
2026-1,2026-06-15,2026-06-15,E2020IIX4308,0.742,3,0
2026-1,2026-06-15,2026-06-15,E2020ZIE0696,0.744,3,0
2026-1,2026-06-15,2026-06-15,E2020FWK7615,0.745,3,0
2026-1,2026-06-15,2026-06-15,E2020VTA0715,0.745,3,0
2026-1,2026-06-15,2026-06-15,E2020PRV4478,0.81,3,1
2026-1,2026-06-15,2026-06-15,E2020CJN2865,0.736,3,0
2026-1,2026-06-15,2026-06-15,E2020MDI3297,0.757,3,0
2026-1,2026-06-15,2026-06-15,E2020SZK6128,0.74,3,0
2026-1,2026-06-15,2026-06-15,E2020ROJ1411,0.752,3,0
2026-1,2026-06-15,2026-06-15,E2020BSO7779,0.751,3,0
2026-1,2026-06-15,2026-06-15,E2020VPM6576,0.726,3,1
2026-1,2026-06-15,2026-06-15,E2020WXM0095,0.748,3,0
2026-1,2026-06-15,2026-06-15,E2020WXE1451,0.747,3,0
2026-1,2026-06-15,2026-06-15,E2020CAJ0290,0.74,3,0
2026-1,2026-06-15,2026-06-15,E2020SKV2713,0.751,3,0
2026-1,2026-06-15,2026-06-15,E2020NTY4732,0.747,3,0
2026-1,2026-06-15,2026-06-15,E2020LKV2755,0.747,3,0
2026-1,2026-06-15,2026-06-15,E2020TDN2258,0.746,3,0
2026-1,2026-06-15,2026-06-15,E2020ETZ5147,0.753,3,0
2026-1,2026-06-15,2026-06-15,E2020AQG5442,0.745,3,0
2026-1,2026-06-15,2026-06-15,E2020TVW4214,0.741,3,0
2026-1,2026-06-15,2026-06-15,E2021KFZ6006,0.763,3,0
2026-1,2026-06-15,2026-06-15,E2021HQJ9543,0.753,3,0
2026-1,2026-06-15,2026-06-15,E2021TGU9301,0.752,3,0
2026-1,2026-06-15,2026-06-15,E2021EQH3045,0.739,3,0
2026-1,2026-06-15,2026-06-15,E2021RPY6207,0.752,3,0
2026-1,2026-06-15,2026-06-15,E2021EKX7179,0.746,3,0
2026-1,2026-06-15,2026-06-15,E2021ZOM4462,0.745,3,0
2026-1,2026-06-15,2026-06-15,E2021BZC7557,0.746,3,0
2026-1,2026-06-15,2026-06-15,E2021LXN1780,0.749,3,0
2026-1,2026-06-15,2026-06-15,E2021BDG6641,0.743,3,0
2026-1,2026-06-15,2026-06-15,E2021EWT3945,0.739,3,0
2026-1,2026-06-15,2026-06-15,E2021HMQ4105,0.752,3,0
2026-1,2026-06-15,2026-06-15,E2021HMD1796,0.749,3,0
2026-1,2026-06-15,2026-06-15,E2021JNC8905,0.744,3,0
2026-1,2026-06-15,2026-06-15,E2021TVK8578,0.753,3,0
2026-1,2026-06-15,2026-06-15,E2021HZL5792,0.748,3,0
2026-1,2026-06-15,2026-06-15,E2021TUB4951,0.74,3,0
2026-1,2026-06-15,2026-06-15,E2021FIA3704,0.748,3,0
2026-1,2026-06-15,2026-06-15,E2021ZQH0605,0.754,3,0
2026-1,2026-06-15,2026-06-15,E2021AKM4484,0.745,3,0
2026-1,2026-06-15,2026-06-15,E2021ADM3565,0.757,3,0
2026-1,2026-06-15,2026-06-15,E2021FKK7066,0.747,3,0
2026-1,2026-06-15,2026-06-15,E2021BOD8117,0.746,3,0
2026-1,2026-06-15,2026-06-15,E2021HAP1891,0.747,3,0
2026-1,2026-06-15,2026-06-15,E2021KRK9895,0.755,3,0
2026-1,2026-06-15,2026-06-15,E2021RMZ5974,0.747,3,0
2026-1,2026-06-15,2026-06-15,E2021WJX7551,0.753,3,0
2026-1,2026-06-15,2026-06-15,E2021RBE4858,0.758,3,0
2026-1,2026-06-15,2026-06-15,E2021QAI3499,0.749,3,0
2026-1,2026-06-15,2026-06-15,E2021JCD0826,0.771,3,1
2026-1,2026-06-15,2026-06-15,E2021QPB9520,0.743,3,0
2026-1,2026-06-15,2026-06-15,E2021EHC2148,0.761,3,1
2026-1,2026-06-15,2026-06-15,E2021AWT0699,0.75,3,0
2026-1,2026-06-15,2026-06-15,E2021AVO8181,0.764,3,0
2026-1,2026-06-15,2026-06-15,E2021QBY4677,0.753,3,0
2026-1,2026-06-15,2026-06-15,E2022RCX6917,0.746,3,0
2026-1,2026-06-15,2026-06-15,E2022NUR5695,0.737,3,0
2026-1,2026-06-15,2026-06-15,E2022BOB8559,0.74,3,0
2026-1,2026-06-15,2026-06-15,E2022XLX6769,0.755,3,0
2026-1,2026-06-15,2026-06-15,E2022YHT1926,0.752,3,0
2026-1,2026-06-15,2026-06-15,E2022LQI5951,0.743,3,0
2026-1,2026-06-15,2026-06-15,E2022UUG0364,0.75,3,0
2026-1,2026-06-15,2026-06-15,E2022VAX6895,0.761,3,0
2026-1,2026-06-15,2026-06-15,E2022CQP2082,0.739,3,0
2026-1,2026-06-15,2026-06-15,E2022NJT6424,0.743,3,1
2026-1,2026-06-15,2026-06-15,E2022GZK8586,0.72,3,1
2026-1,2026-06-15,2026-06-15,E2022IAV7729,0.748,3,0
2026-1,2026-06-15,2026-06-15,E2022HNH5836,0.719,3,1
2026-1,2026-06-15,2026-06-15,E2022CWL5335,0.756,3,0
2026-1,2026-06-15,2026-06-15,E2022BYP1523,0.744,3,0
2026-1,2026-06-15,2026-06-15,E2022LCE6984,0.73,3,0
2026-1,2026-06-15,2026-06-15,E2022BWO1897,0.759,3,0
2026-1,2026-06-15,2026-06-15,E2022EED4586,0.752,3,0
2026-1,2026-06-15,2026-06-15,E2022HZJ1815,0.749,3,1
2026-1,2026-06-15,2026-06-15,E2022NEL7129,0.744,3,0
2026-1,2026-06-15,2026-06-15,E2022RKU6466,0.745,3,0
2026-1,2026-06-15,2026-06-15,E2022KKJ0624,0.75,3,0
2026-1,2026-06-15,2026-06-15,E2022PEA8649,0.738,3,0
2026-1,2026-06-15,2026-06-15,E2022TKQ0466,0.761,3,0
2026-1,2026-06-15,2026-06-15,E2022OBO7566,0.742,3,0
2026-1,2026-06-15,2026-06-15,E2022LRH3785,0.742,3,0
2026-1,2026-06-15,2026-06-15,E2022OKA6014,0.749,3,0
2026-1,2026-06-15,2026-06-15,E2022XTS2619,0.757,3,0
2026-1,2026-06-15,2026-06-15,E2022KWZ0224,0.743,3,1
2026-1,2026-06-15,2026-06-15,E2022PUS1551,0.753,3,0
2026-1,2026-06-15,2026-06-15,E2022IDT1083,0.735,3,0
2026-1,2026-06-15,2026-06-15,E2022RYC7167,0.702,3,1
2026-1,2026-06-15,2026-06-15,E2022KQL8923,0.761,3,1
2026-1,2026-06-15,2026-06-15,E2022TJU8891,0.746,3,0
2026-1,2026-06-15,2026-06-15,E2022DEO0806,0.749,3,0
2026-1,2026-06-15,2026-06-15,E2023KAR2227,0.742,3,0
2026-1,2026-06-15,2026-06-15,E2023FQG6959,0.759,3,0
2026-1,2026-06-15,2026-06-15,E2023SGO0141,0.76,3,0
2026-1,2026-06-15,2026-06-15,E2023SKI0560,0.766,3,0
2026-1,2026-06-15,2026-06-15,E2023SXO8969,0.751,3,0
2026-1,2026-06-15,2026-06-15,E2023AIT4511,0.763,3,0
2026-1,2026-06-15,2026-06-15,E2023PUG1538,0.751,3,0
2026-1,2026-06-15,2026-06-15,E2023CRZ7286,0.742,3,0
2026-1,2026-06-15,2026-06-15,E2023FIX6551,0.763,3,0
2026-1,2026-06-15,2026-06-15,E2023EQG1665,0.753,3,0
2026-1,2026-06-15,2026-06-15,E2023IBA5956,0.753,3,0
2026-1,2026-06-15,2026-06-15,E2023UXK8820,0.746,3,1
2026-1,2026-06-15,2026-06-15,E2023WBE6994,0.752,3,0
2026-1,2026-06-15,2026-06-15,E2023GSH2650,0.762,3,0
2026-1,2026-06-15,2026-06-15,E2023MUJ1763,0.728,3,0
2026-1,2026-06-15,2026-06-15,E2023IYB5501,0.75,3,0
2026-1,2026-06-15,2026-06-15,E2023KXK2417,0.754,3,0
2026-1,2026-06-15,2026-06-15,E2023YHI1268,0.748,3,0
2026-1,2026-06-15,2026-06-15,E2023MUZ2100,0.758,3,0
2026-1,2026-06-15,2026-06-15,E2023AXI8660,0.756,3,0
2026-1,2026-06-15,2026-06-15,E2023GIB9587,0.754,3,0
2026-1,2026-06-15,2026-06-15,E2023QST3108,0.702,3,1
2026-1,2026-06-15,2026-06-15,E2023YKL7893,0.736,3,0
2026-1,2026-06-15,2026-06-15,E2023BDT7072,0.749,3,0
2026-1,2026-06-15,2026-06-15,E2023HSU4357,0.76,3,0
2026-1,2026-06-15,2026-06-15,E2023SKP5558,0.696,3,1
2026-1,2026-06-15,2026-06-15,E2023DHN4757,0.748,3,0
2026-1,2026-06-15,2026-06-15,E2023KGI3241,0.761,3,0
2026-1,2026-06-15,2026-06-15,E2023TYT2400,0.747,3,0
2026-1,2026-06-15,2026-06-15,E2023GES3738,0.741,3,0
2026-1,2026-06-15,2026-06-15,E2023LYQ2743,0.729,3,0
2026-1,2026-06-15,2026-06-15,E2023OEA4630,0.752,3,0
2026-1,2026-06-15,2026-06-15,E2023NEO0073,0.738,3,0
2026-1,2026-06-15,2026-06-15,E2023QYB0509,0.772,3,1
2026-1,2026-06-15,2026-06-15,E2023AHO4371,0.748,3,0
2026-1,2026-06-15,2026-06-15,E2024YOF5116,0.727,3,0
2026-1,2026-06-15,2026-06-15,E2024HDR2777,0.765,3,0
2026-1,2026-06-15,2026-06-15,E2024KOP5280,0.764,3,0
2026-1,2026-06-15,2026-06-15,E2024SZX4201,0.702,3,0
2026-1,2026-06-15,2026-06-15,E2024JKK3433,0.719,3,0
2026-1,2026-06-15,2026-06-15,E2024GPQ4392,0.746,3,0
2026-1,2026-06-15,2026-06-15,E2024YTZ0516,0.735,3,0
2026-1,2026-06-15,2026-06-15,E2024WGQ1376,0.751,3,0
2026-1,2026-06-15,2026-06-15,E2024BSN9686,0.728,3,0
2026-1,2026-06-15,2026-06-15,E2024BAR6131,0.766,3,0
2026-1,2026-06-15,2026-06-15,E2024PZV9159,0.789,3,0
2026-1,2026-06-15,2026-06-15,E2024AJB9010,0.74,3,0
2026-1,2026-06-15,2026-06-15,E2024ZKV4555,0.796,3,0
2026-1,2026-06-15,2026-06-15,E2024WZQ2242,0.771,3,0
2026-1,2026-06-15,2026-06-15,E2024YDS4155,0.755,3,0
2026-1,2026-06-15,2026-06-15,E2024YRA1962,0.775,3,0
2026-1,2026-06-15,2026-06-15,E2024OIQ0866,0.709,3,0
2026-1,2026-06-15,2026-06-15,E2024ZNW8332,0.756,3,0
2026-1,2026-06-15,2026-06-15,E2024EWS9930,0.75,3,0
2026-1,2026-06-15,2026-06-15,E2024TZI9728,0.777,3,0
2026-1,2026-06-15,2026-06-15,E2024EWX9853,0.803,3,0
2026-1,2026-06-15,2026-06-15,E2024NHL3571,0.73,3,0
2026-1,2026-06-15,2026-06-15,E2024EHV6706,0.775,3,0
2026-1,2026-06-15,2026-06-15,E2024WFC7774,0.754,3,0
2026-1,2026-06-15,2026-06-15,E2024VSM4807,0.784,3,0
2026-1,2026-06-15,2026-06-15,E2024GRV3339,0.687,3,0
2026-1,2026-06-15,2026-06-15,E2024JLG0117,0.708,3,0
2026-1,2026-06-15,2026-06-15,E2024EIP9932,0.745,3,0
2026-1,2026-06-15,2026-06-15,E2024HSW4889,0.795,3,0
2026-1,2026-06-15,2026-06-15,E2024MBC8136,0.778,3,0
2026-1,2026-06-15,2026-06-15,E2024KTX0740,0.74,3,0
2026-1,2026-06-15,2026-06-15,E2024ZUN6694,0.748,3,0
2026-1,2026-06-15,2026-06-15,E2024MIB2411,0.763,3,0
2026-1,2026-06-15,2026-06-15,E2024YZP7524,0.75,3,0
2026-1,2026-06-15,2026-06-15,E2024PUF1762,0.766,3,0
2026-1,2026-06-15,2026-06-15,E2025TMR9195,0.732,3,0
2026-1,2026-06-15,2026-06-15,E2025TQA3997,0.708,3,0
2026-1,2026-06-15,2026-06-15,E2025NPH1104,0.716,3,0
2026-1,2026-06-15,2026-06-15,E2025WOR1366,0.765,3,0
2026-1,2026-06-15,2026-06-15,E2025MTZ9219,0.726,3,0
2026-1,2026-06-15,2026-06-15,E2025MCV6332,0.712,3,0
2026-1,2026-06-15,2026-06-15,E2025XAL6166,0.716,3,0
2026-1,2026-06-15,2026-06-15,E2025NPM4802,0.749,3,0
2026-1,2026-06-15,2026-06-15,E2025DFR7076,0.76,3,0
2026-1,2026-06-15,2026-06-15,E2025PCZ7975,0.707,3,0
2026-1,2026-06-15,2026-06-15,E2025AKE0634,0.764,3,0
2026-1,2026-06-15,2026-06-15,E2025XQC6510,0.707,3,0
2026-1,2026-06-15,2026-06-15,E2025QTJ9858,0.744,3,0
2026-1,2026-06-15,2026-06-15,E2025SPA0144,0.769,3,0
2026-1,2026-06-15,2026-06-15,E2025SWB1472,0.736,3,0
2026-1,2026-06-15,2026-06-15,E2025URT0413,0.7,3,0
2026-1,2026-06-15,2026-06-15,E2025MAL2714,0.765,3,0
2026-1,2026-06-15,2026-06-15,E2025SQX8808,0.799,3,0
2026-1,2026-06-15,2026-06-15,E2025YZI2712,0.77,3,0
2026-1,2026-06-15,2026-06-15,E2025UCO0078,0.74,3,0
2026-1,2026-06-15,2026-06-15,E2025QSM0860,0.79,3,0
2026-1,2026-06-15,2026-06-15,E2025AUG7095,0.714,3,0
2026-1,2026-06-15,2026-06-15,E2025THS3112,0.777,3,0
2026-1,2026-06-15,2026-06-15,E2025EWN2704,0.759,3,0
2026-1,2026-06-15,2026-06-15,E2025YRA4787,0.764,3,0
2026-1,2026-06-15,2026-06-15,E2025DGS6938,0.699,3,0
2026-1,2026-06-15,2026-06-15,E2025LLL9579,0.79,3,0
2026-1,2026-06-15,2026-06-15,E2025BNY0090,0.75,3,0
2026-1,2026-06-15,2026-06-15,E2025LUH9826,0.734,3,0
2026-1,2026-06-15,2026-06-15,E2025BXC1625,0.707,3,0
2026-1,2026-06-15,2026-06-15,E2025ZAP6910,0.811,3,0
2026-1,2026-06-15,2026-06-15,E2025AAX3564,0.732,3,0
2026-1,2026-06-15,2026-06-15,E2025IXI7963,0.712,3,0
2026-1,2026-06-15,2026-06-15,E2025NQK9343,0.727,3,0
2026-1,2026-06-15,2026-06-15,E2025QIY2584,0.76,3,0
2026-1,2026-06-15,2026-06-15,E2026GMA8960,0.801,3,0
2026-1,2026-06-15,2026-06-15,E2026KQN7705,0.781,3,0
2026-1,2026-06-15,2026-06-15,E2026UHL4149,0.799,3,0
2026-1,2026-06-15,2026-06-15,E2026TPU4148,0.702,3,0
2026-1,2026-06-15,2026-06-15,E2026WYA3424,0.735,3,0
2026-1,2026-06-15,2026-06-15,E2026AXV0501,0.81,3,0
2026-1,2026-06-15,2026-06-15,E2026MKX9459,0.78,3,0
2026-1,2026-06-15,2026-06-15,E2026GKD1409,0.784,3,0
2026-1,2026-06-15,2026-06-15,E2026LQE2375,0.773,3,0
2026-1,2026-06-15,2026-06-15,E2026KYB7806,0.773,3,1
2026-1,2026-06-15,2026-06-15,E2026NPS8278,0.773,3,0
2026-1,2026-06-15,2026-06-15,E2026UNI0526,0.752,3,1
2026-1,2026-06-15,2026-06-15,E2026TOS0539,0.74,3,0
2026-1,2026-06-15,2026-06-15,E2026SHI1685,0.784,3,1
2026-1,2026-06-15,2026-06-15,E2026JYH2860,0.78,3,0
2026-1,2026-06-15,2026-06-15,E2026MLG8716,0.756,3,0
2026-1,2026-06-15,2026-06-15,E2026VJI6868,0.742,3,0
2026-1,2026-06-15,2026-06-15,E2026BBB6946,0.742,3,0
2026-1,2026-06-15,2026-06-15,E2026AAZ3736,0.735,3,0
2026-1,2026-06-15,2026-06-15,E2026AVI9194,0.757,3,0
2026-1,2026-06-15,2026-06-15,E2026XUE2096,0.763,3,0
2026-1,2026-06-15,2026-06-15,E2026ZSX4009,0.755,3,0
2026-1,2026-06-15,2026-06-15,E2026GXM4026,0.715,3,0
2026-1,2026-06-15,2026-06-15,E2026DKW1961,0.794,3,1
2026-1,2026-06-15,2026-06-15,E2026AJG9275,0.71,3,1
2026-1,2026-06-15,2026-06-15,E2026VSI1995,0.723,3,0
2026-1,2026-06-15,2026-06-15,E2026KXU6963,0.745,3,0
2026-1,2026-06-15,2026-06-15,E2026UTK7204,0.735,3,0
2026-1,2026-06-15,2026-06-15,E2026LGW6900,0.735,3,0
2026-1,2026-06-15,2026-06-15,E2026ZWY1714,0.762,3,0
2026-1,2026-06-15,2026-06-15,E2026YGJ8466,0.789,3,0
2026-1,2026-06-15,2026-06-15,E2026NQH5558,0.71,3,0
2026-1,2026-06-15,2026-06-15,E2026CAF7919,0.758,3,0
2026-1,2026-06-15,2026-06-15,E2026TER6963,0.748,3,0
2026-1,2026-06-15,2026-06-15,E2026VJA9787,0.71,3,0
